Street Address,City,State,Zipcode,Latitude,Longitude,Property Type,Tax Assessment Year,Tax Assessment Amt,Year Built,Lot Size (Sq.Ft.),Finished (Sq.Ft.),Bathroom,Bedrooms,Total Rooms,Last Sold Date,Months Since Last Sold,Last Sold Price,Zestimate Amount,Zestimate 1-Week Change,Zestimate Minimum,Zestimate Maximum,Zestimate $/Sq.Ft.,RentZestimate Amount,RentZestimate 1-Week Change,RentZestimate Minimum,RentZestimate Maximum,RentZestimate $/Sq.Ft.,Zestimate / Rent Value,Neighborhood,ZPID,Missing Cnt
1450 Isoline St,Pittsburgh,PA,15204,40.455648,-80.072071,SingleFamily,2015,77900,1880,5500,1707,1,3,8,4/30/92,279,12000,86719,1986,74578,95391,50.8,962,15,770,1241,0.56,90.14,Chartiers City,11592640,0
150 Ulysses St,Pittsburgh,PA,15211,40.433564,-80.012606,SingleFamily,2015,73000,1905,2800,1200,1,3,5,5/18/11,50,40000,107069,14208,92079,119917,89.22,1187,38,973,1602,0.99,90.2,Mount Washington,11363439,0
3720 Elberton St,Pittsburgh,PA,15204,40.46046,-80.07491,SingleFamily,2015,78200,1955,6000,1194,1,2,5,5/8/14,14,39000,100393,-637,89350,112440,84.08,1112,30,778,1446,0.93,90.28,Wind Gap,11592199,0
28 S 17th St,Pittsburgh,PA,15203,40.431475,-79.981966,Townhouse,2015,282700,1999,821,1720,2.5,2,6,12/28/07,91,320000,393579,4536,366028,417194,228.83,2374,-41,973,3229,1.38,165.79,Southside Flats,11290476,0
1336 Fairstead Ln,Pittsburgh,PA,15217,40.420497,-79.915708,SingleFamily,2015,299500,2004,3279,1964,2.5,3,7,9/6/12,34,445000,487287,11608,443431,531143,248.11,2696,-96,1995,3235,1.37,180.74,Squirrel Hill South,72261385,0
724 Filbert St,Pittsburgh,PA,15232,40.451899,-79.933525,SingleFamily,2015,335000,1910,2650,1600,3.5,4,5,5/1/06,110,500000,402676,-2590,378515,426837,251.67,2651,-9,1644,3552,1.66,151.9,Shadyside,11528772,0
580 Moorhead Pl,Pittsburgh,PA,15232,40.452507,-79.939056,SingleFamily,2015,418200,1925,4360,2637,4,4,9,9/3/92,274,127500,671537,-7951,637960,705114,254.66,3282,57,2527,4037,1.24,204.61,Shadyside,11528551,0
1700 Grandview Ave APT 802,Pittsburgh,PA,15211,40.440977,-80.024997,Condominium,2015,290200,1817,1411,1411,2,2,6,4/26/00,183,265000,347581,-1768,326726,371912,246.34,2342,-111,1850,3396,1.66,148.41,Duquesne Heights,11585170,0
7100 Card Ln,Pittsburgh,PA,15208,40.448937,-79.904381,SingleFamily,2015,242300,1945,6400,2550,2,4,10,4/8/86,351,75000,396904,15208,377059,424687,155.65,2381,12,1429,2857,0.93,166.7,Point Breeze,11287738,0
316 Poplargrove St,Pittsburgh,PA,15210,40.397266,-79.982162,SingleFamily,2015,73500,1955,6000,1924,2,3,6,,,,77683,3672,68361,97881,40.38,896,0,753,1192,0.47,86.7,Carrick,11554105,2
5825 5th Ave APT 310,Pittsburgh,PA,15232,40.451382,-79.926439,Condominium,2015,102700,1968,594,594,1,1,2,5/3/99,194,45000,117694,-598,103571,128286,198.14,1130,10,870,1559,1.9,104.15,Shadyside,11628940,0
185 1/2 42nd St,Pittsburgh,PA,15201,40.470668,-79.961029,SingleFamily,,,,,,1.5,3,,,,,124254,-7286,111829,136679,,1248,51,936,1572,,99.56,Central Lawrenceville,2106511718,9
3286 Dawson St,Pittsburgh,PA,15213,40.432552,-79.953288,MultiFamily2To4,2015,139300,1900,2799,2540,2,5,9,1/23/12,42,125000,219032,-2712,194938,254077,86.23,1331,53,852,1943,0.52,164.56,Oakland,11420093,0
2688 Crosby Avenue,Pittsburgh,PA,15216,40.40281,-80.03763,SingleFamily,,,1920,3300,1500,1,3,7,,,,,,,,,,,,,,,Banksville,2101725098,15
7 Norton St,Pittsburgh,PA,15211,40.427185,-80.00945,SingleFamily,2015,47500,1880,2200,1152,2,2,5,10/3/12,33,78000,54608,2432,45325,58977,47.4,1132,36,758,1415,0.98,48.24,Mount Washington,11516249,0
1306 Princess Ave,Pittsburgh,PA,15216,40.413875,-80.017814,SingleFamily,2015,76400,1957,3000,1290,1,3,6,,,,65762,75,57871,73653,50.98,976,47,781,1171,0.76,67.38,Beechview,11335958,2
2749 Merwyn Ave,Pittsburgh,PA,15204,40.454689,-80.049914,SingleFamily,2015,41600,1919,7405,1960,1,4,4,3/27/95,244,39000,55001,1099,46201,61601,28.06,878,11,746,1168,0.45,62.64,Sheraden,11483775,0
2830 Spring St,Pittsburgh,PA,15210,40.41537,-79.967994,SingleFamily,2015,33400,1918,5760,1731,,3,6,8/31/09,71,45000,53078,989,48832,58917,30.66,946,3,757,1353,0.55,56.11,Arlington,11309180,1
512 Susanna Ct,Pittsburgh,PA,15207,40.418077,-79.939311,SingleFamily,2015,151700,1960,4300,1440,2,3,6,12/26/13,19,67500,192131,3091,176761,203659,133.42,1465,-29,1055,1875,1.02,131.15,Hazelwood,11545456,0
1962-1964 Waite St,Arlington,PA,15210,40.416954,-79.978179,MultiFamily2To4,,,1953,5227,,2,4,,,,,,,,,,,,,,,,Arlington,2101732927,17
3633 Middletown Rd,Pittsburgh,PA,15204,40.458446,-80.07361,SingleFamily,2015,80300,1950,8900,1423,2,4,5,2/12/15,5,36875,121961,-407,110985,130498,85.71,1205,18,831,1699,0.85,101.21,Wind Gap,11592495,0
1207 Adon St,Pittsburgh,PA,15204,40.452861,-80.061794,MultiFamily2To4,2015,35300,1910,2650,2000,,0,10,12/9/02,151,58500,71059,1495,62532,76744,35.53,804,39,643,1214,0.4,88.38,Sheraden,11483507,1
5452 Northumberland St,Pittsburgh,PA,15217,40.439388,-79.931658,SingleFamily,2015,413300,1960,8712,2115,3,3,6,3/2/92,280,308000,634679,-9607,596598,742574,300.08,3289,-44,2533,4374,1.56,192.97,Squirrel Hill North,11630934,0
6324 Morrowfield Ave,Pittsburgh,PA,15217,40.427102,-79.921921,Condominium,2015,154700,1928,4100,1697,1.5,3,7,4/18/86,351,64000,231613,4209,210768,254774,136.48,1791,5,1343,2185,1.06,129.32,Squirrel Hill South,11635899,0
322 Arlington Ave,Pittsburgh,PA,15203,40.428614,-79.997824,MultiFamily2To4,2015,247400,1880,4140,3225,2.5,6,10,3/24/15,4,71000,341994,-4003,324894,386453,106.04,1692,53,1134,2436,0.52,202.12,Mount Washington,11474210,0
3162 Bohem St,Pittsburgh,PA,15213,40.428859,-79.953454,SingleFamily,2015,85500,1978,1600,1077,2,4,5,2/2/11,53,72500,114928,658,96540,131018,106.71,1227,6,957,1669,1.14,93.67,Oakland,11420227,0
5529 Beacon St,Pittsburgh,PA,15217,40.434173,-79.929494,SingleFamily,2015,260800,1930,4125,2138,2,5,7,5/19/92,278,168500,331714,-4634,311811,348300,155.15,2453,15,1742,2845,1.15,135.23,Squirrel Hill South,11631703,0
1542 Rutherford Ave,Pittsburgh,PA,15216,40.411025,-80.026845,SingleFamily,2015,77600,1960,3000,1176,2,3,6,10/13/09,69,88000,70725,-1019,62238,76383,60.14,1016,44,701,1290,0.86,69.61,Beechview,11445234,0
116 Bigham St,Pittsburgh,PA,15211,40.435448,-80.015025,MultiFamily2To4,2015,108700,1910,2880,2103,,0,12,5/19/10,62,139500,215845,12225,200736,228796,102.64,1105,23,608,2022,0.53,195.33,Mount Washington,11363467,1
3 Shadycourt Dr,Pittsburgh,PA,15232,40.450376,-79.919817,SingleFamily,2015,443600,1958,8250,2888,2.5,2,6,6/15/88,325,460000,703147,1145,667990,738304,243.47,3249,-68,2469,4321,1.13,216.42,Point Breeze,11629051,0
113 Stanton Ct W,Pittsburgh,PA,15201,40.481651,-79.935914,SingleFamily,2015,124400,1940,3850,1720,2,3,6,8/2/83,383,67000,177044,2178,168192,185896,102.93,1382,17,1050,1755,0.8,128.11,Stanton Heights,11615250,0
260 42nd St # 2,Pittsburgh,PA,15201,40.468872,-79.958511,Condominium,,,,,,1,1,,,,,,,,,,,,,,,,Central Lawrenceville,2101742514,19
260 42nd St # 1,Pittsburgh,PA,15201,40.468872,-79.958511,Condominium,,,,,,1,2,,,,,,,,,,,,,,,,Central Lawrenceville,2101742515,19
4601 5th Ave APT 430,Oakland,PA,15213,40.447612,-79.948951,Cooperative,,,,,,1,2,,,,,,,,,,,,,,,,North Oakland,2101744421,19
2401 Glenarm Ave,Pittsburgh,PA,15226,40.39534,-80.015915,SingleFamily,2015,99700,1930,3600,2151,2,5,8,,,,111927,5273,102973,120881,52.03,1120,8,829,1557,0.52,99.93,Brookline,11562563,2
4124 Stanley St,Pittsburgh,PA,15207,40.423811,-79.944159,SingleFamily,2015,119300,1922,2444,1452,2,4,7,10/18/11,45,104000,152381,-5961,144762,166095,104.95,1380,-20,1021,1835,0.95,110.42,Greenfield,11540170,0
3147 Brighton Rd,Pittsburgh,PA,15212,40.474984,-80.030128,MultiFamily2To4,2015,59200,1881,1815,3220,2,5,12,12/22/93,259,4950,90233,763,72186,110987,28.02,879,40,642,1406,0.27,102.65,Marshall - Shadeland,11605934,0
1360 Harlow Dr,Pittsburgh,PA,15204,40.458423,-80.0706,SingleFamily,2015,63000,1965,8712,928,1,3,5,,,,76989,-2800,69290,85458,82.96,887,19,674,1286,0.96,86.8,Chartiers City,11592452,2
3450 Fleming Ave,Pittsburgh,PA,15212,40.47807,-80.038319,MultiFamily2To4,2015,80500,1900,2000,2802,3,4,,3/23/05,124,20000,111262,418,95685,131289,39.71,958,58,584,1494,0.34,116.14,Brighton Heights,11603915,1
1320 Bennington Ave,Pittsburgh,PA,15217,40.442412,-79.932916,SingleFamily,2015,677600,1920,14000,5452,5,7,11,9/19/94,250,700000,952321,-2897,847566,1057076,174.67,3687,182,1401,5346,0.68,258.29,Squirrel Hill North,11533891,0
1712 Fox Way,Pittsburgh,PA,15203,40.43005,-79.981325,SingleFamily,2015,186800,1900,1200,2084,1.5,3,6,5/4/11,50,260000,287110,9520,258399,321563,137.77,2025,20,1640,2774,0.97,141.78,Southside Flats,11290548,0
1729 Warren St,Pittsburgh,PA,15212,40.462146,-80.002896,SingleFamily,2015,39400,1902,2760,2081,2,3,6,3/22/07,100,13500,66931,-1001,60238,74293,32.16,884,47,690,1326,0.42,75.71,Fine View,11387587,0
1003 Flemington St,Pittsburgh,PA,15217,40.427566,-79.930353,SingleFamily,2015,98900,1931,2296,1218,1,2,6,10/5/12,33,57000,115018,932,109267,125370,94.43,1231,-13,1022,1539,1.01,93.43,Greenfield,11635607,0
2025 Veronica St,Pittsburgh,PA,15212,40.468966,-79.980845,SingleFamily,2015,40200,1900,2200,1174,1,2,6,7/3/07,96,16200,45893,-485,41304,51400,39.09,849,17,688,1223,0.72,54.06,Troy Hill,11512076,0
328 Sylvania Ave,Pittsburgh,PA,15210,40.417179,-80.001238,SingleFamily,2015,27800,1910,2562,1855,1,2,8,,,,52646,978,48434,58437,28.38,877,-15,772,1298,0.47,60.03,Beltzhoover,11324557,2
5652 Stanton Ave,Pittsburgh,PA,15206,40.470523,-79.924407,MultiFamily2To4,2015,385100,1915,13446,6000,6,9,19,10/31/02,153,155000,469601,25104,422641,516561,78.27,1751,-43,1208,2732,0.29,268.19,East Liberty,11622484,0
380 Lamarido St,Pittsburgh,PA,15226,40.400082,-80.01511,SingleFamily,2015,95700,1935,3000,1485,2,3,6,6/2/10,61,113900,105975,6136,99616,112334,71.36,1131,31,848,1414,0.76,93.7,Brookline,11562065,0
1806 Wharton St,Pittsburgh,PA,15203,40.430297,-79.980018,SingleFamily,2015,154200,1890,2400,1232,2,2,6,12/4/06,103,149000,218318,5321,192120,237967,177.21,1709,14,1316,2153,1.39,127.75,Southside Flats,11290680,0
2310 Carey Way,Pittsburgh,PA,15203,40.427716,-79.972614,SingleFamily,2015,349500,1900,1151,2644,3,3,8,2/20/13,29,380000,398625,-206,362749,426529,150.77,2786,45,2229,3343,1.05,143.08,Southside Flats,11291504,0
7725 Abbott St,Pittsburgh,PA,15221,40.441908,-79.894637,SingleFamily,2015,160100,1875,5000,2372,1.5,3,8,5/17/10,62,175000,244483,1216,224924,261597,103.07,1819,91,1364,2183,0.77,134.41,Point Breeze,11341919,0
1376 Simona Dr,Pittsburgh,PA,15201,40.483301,-79.936535,SingleFamily,2015,151800,1932,4848,1288,1,3,6,3/15/10,64,152000,162448,5731,151077,170570,126.12,1341,30,1006,1676,1.04,121.14,Stanton Heights,11275863,0
1525 Garfield Ave,Pittsburgh,PA,15212,40.458108,-80.012692,SingleFamily,2015,319500,1880,1960,2080,2.5,4,8,12/27/12,31,319500,336005,-2427,302405,379686,161.54,2100,307,1680,2520,1.01,160,Central Northside,11387675,0
1104 Crescent Pl,Pittsburgh,PA,15217,40.423259,-79.912542,SingleFamily,2015,348500,2002,3484,2276,2.5,3,5,10/24/05,117,395000,496453,-5357,461701,546098,218.13,2787,-208,2508,3344,1.22,178.13,Squirrel Hill South,58629164,0
16 Jacob St,Pittsburgh,PA,15234,40.385938,-79.997298,SingleFamily,2015,54200,1900,4455,842,1,2,4,,,,53590,976,42336,62700,63.65,828,0,704,1101,0.98,64.72,Overbrook,11648085,2
1160 Bower Hill Rd PH 6A,Pittsburgh,PA,15243,40.37523,-80.07092,Condominium,,,1971,,,3,2,5,,,,267137,-21677,232409,333921,,1951,97,1171,2478,,136.92,Pittsburgh,2107076289,7
3515 Fleming Ave,Pittsburgh,PA,15212,40.478868,-80.03913,MultiFamily2To4,2015,66200,1910,3000,1890,2,2,7,,,,71898,-702,63270,79807,38.04,857,25,677,1234,0.45,83.89,Brighton Heights,11603886,2
540 N Neville St APT 607,Pittsburgh,PA,15213,40.449056,-79.948428,Condominium,2015,217100,1973,1910,1910,2,2,5,4/1/91,291,184300,293618,-3790,278937,308299,153.73,2231,24,1606,2766,1.17,131.61,North Oakland,11529053,0
1519 Amanda Ave,Pittsburgh,PA,15210,40.400464,-79.987908,SingleFamily,2015,62300,1900,3332,1846,2,4,6,3/13/00,184,50000,74980,2687,68232,82478,40.62,900,8,756,1305,0.49,83.31,Carrick,11556504,0
739 N Beatty St,Pittsburgh,PA,15206,40.469462,-79.922702,SingleFamily,2015,62300,1886,2333,2612,2.5,4,7,12/13/01,163,17250,155844,2930,121558,179221,59.66,1401,-15,785,1975,0.54,111.24,East Liberty,11622941,0
765 College Ave APT 305,Pittsburgh,PA,15232,40.454016,-79.926999,Condominium,2015,154200,1935,1030,1082,2,2,4,,,,204598,-3249,188230,216874,189.09,1583,-13,1219,2200,1.46,129.25,Shadyside,11625437,2
1209 N Franklin St,Pittsburgh,PA,15233,40.456362,-80.0234,Condominium,2015,34800,1900,1054,1816,1,3,9,,,,60403,-665,47114,71276,33.26,938,0,741,1276,0.52,64.4,Manchester,11376055,2
205 54th St,Pittsburgh,PA,15201,40.482588,-79.950557,SingleFamily,2015,76500,1900,1742,1918,2,3,8,3/26/04,136,3336,123834,8368,102782,141171,64.56,1186,33,842,1720,0.62,104.41,Upper Lawrenceville,11272814,0
1115 Troy Hill Rd,Pittsburgh,PA,15212,40.456826,-79.990706,SingleFamily,2015,89000,1920,2178,1040,1.5,3,5,10/23/95,237,40500,80367,-137,66705,91618,77.28,1103,14,794,1467,1.06,72.86,Troy Hill,11395482,0
2706 Niles St,Pittsburgh,PA,15203,40.42027,-79.969517,Condominium,2015,30000,1900,1600,1202,1,2,5,1/19/93,270,34000,63188,1568,52446,70771,52.57,1125,29,754,1406,0.94,56.17,Southside Slopes,11308218,0
2011 Texdale St,Pittsburgh,PA,15216,40.403473,-80.021036,SingleFamily,2015,56700,1927,3920,1152,1,3,6,8/27/07,95,46500,58309,1717,49563,66472,50.62,874,1,752,1154,0.76,66.72,Beechview,11565298,0
4006 Howley St,Pittsburgh,PA,15224,40.463781,-79.956983,SingleFamily,2015,48300,1935,686,1076,1,3,6,10/9/12,33,7000,77492,4645,62769,89116,72.02,1096,49,855,1491,1.02,70.7,Bloomfield,11514810,0
6 Waterside Pl,Pittsburgh,PA,15222,40.461989,-79.978746,Condominium,2015,451900,1999,2875,2410,4,4,9,9/21/01,166,482500,648130,11276,615724,680536,268.93,3255,-2,2474,4004,1.35,199.12,Herrs Island,11400336,0
3921 Coleman St,Pittsburgh,PA,15207,40.426781,-79.941848,SingleFamily,2015,122300,1950,3600,1431,2.5,3,6,5/27/10,62,128000,166540,1780,156548,174867,116.38,1381,-25,1146,1864,0.97,120.59,Greenfield,11539702,0
220 N Dithridge St APT 1106,Pittsburgh,PA,15213,40.449658,-79.951615,Condominium,2015,165000,1973,1607,1607,2,2,4,,,,225072,7545,213818,238576,140.06,1788,62,1413,2289,1.11,125.88,North Oakland,11407587,2
501 Cato St,Pittsburgh,PA,15213,40.433368,-79.956207,MultiFamily2To4,2015,113800,1900,1640,3052,,0,12,,,,102520,-66041,70739,131226,33.59,1269,1,876,1827,0.42,80.79,Oakland,11413476,3
1817 Wharton St,Pittsburgh,PA,15203,40.430701,-79.979665,SingleFamily,2015,139500,1900,945,1130,2,3,6,9/23/05,118,170000,231494,8892,182880,287053,204.86,1741,36,1288,2281,1.54,132.97,Southside Flats,11290620,0
5341 Waterford St,Pittsburgh,PA,15224,40.465478,-79.936843,SingleFamily,2015,97700,1925,2921,1600,2,4,6,10/21/87,333,200,118184,-3344,105184,128821,73.87,1221,9,879,1709,0.76,96.79,Garfield,11520558,0
786 Melbourne St,Pittsburgh,PA,15217,40.422094,-79.930624,SingleFamily,2015,91500,1964,2250,936,1.5,2,5,8/13/08,83,80000,104929,4152,94436,111225,112.1,1152,37,818,1624,1.23,91.08,Greenfield,11639417,0
619 Danbury St,Pittsburgh,PA,15214,40.468932,-80.017998,SingleFamily,2015,61400,1924,3771,1613,1,3,6,12/28/78,439,27000,73377,-488,66773,81448,45.49,938,34,769,1154,0.58,78.23,Perry South,11498825,0
110 E Jefferson St,Pittsburgh,PA,15212,40.459549,-80.008864,SingleFamily,2015,31100,1930,756,1344,1.5,3,6,12/2/13,19,18000,51996,678,37957,62395,38.69,1004,27,733,1275,0.75,51.79,Central Northside,11387986,0
233 Meredith St,Pittsburgh,PA,15210,40.398104,-79.984087,SingleFamily,2015,63100,1924,4335,1944,2,3,6,3/27/98,208,23900,71037,2804,58961,80982,36.54,906,14,689,1341,0.47,78.41,Carrick,11556982,0
786 Melbourne St,Pittsburgh,PA,15217,40.422094,-79.930624,SingleFamily,2015,91500,1964,2250,936,1.5,2,5,8/13/08,83,80000,104929,4152,94436,111225,112.1,1152,37,818,1624,1.23,91.08,Greenfield,11639417,0
1904 Warriors Rd,Pittsburgh,PA,15205,40.429979,-80.048167,SingleFamily,2015,65600,1941,5000,1008,1,2,5,11/15/06,104,50880,87434,-145,77816,92680,86.74,1047,34,722,1330,1.04,83.51,Westwood,11355936,0
1128 Carnahan Rd,Pittsburgh,PA,15216,40.409284,-80.038539,SingleFamily,2015,81900,1954,6534,950,1.5,2,6,5/8/15,2,47800,110534,951,102797,117166,116.35,1082,58,725,1439,1.14,102.16,Banksville,11452948,0
1237 Murdoch Rd,Pittsburgh,PA,15217,40.444356,-79.930092,SingleFamily,2015,273600,1927,6645,1944,2.5,4,7,7/16/14,12,297000,349438,30842,202674,443786,179.75,2468,43,1777,2838,1.27,141.59,Squirrel Hill North,11629708,0
428 Hastings St,Pittsburgh,PA,15206,40.449547,-79.914849,SingleFamily,2015,176800,1910,2700,1743,1.5,5,5,10/31/13,21,220000,310121,4765,279109,338032,177.92,2063,26,1403,2826,1.18,150.33,Point Breeze,11287542,0
4823 Blackberry Way,Pittsburgh,PA,15201,40.476674,-79.958214,SingleFamily,2015,163500,1911,651,832,1,2,6,10/11/12,33,163500,181908,18165,161898,196461,218.64,1284,68,835,1477,1.54,141.67,Central Lawrenceville,121887159,0
301 Roup Ave # 3B,Pittsburgh,PA,15232,40.461387,-79.934844,Condominium,,,1989,,,1.5,2,,,,,273451,,229699,333610,,1590,,986,2147,,171.98,Friendship,2101800586,10
307 Schenley Rd,Pittsburgh,PA,15217,40.440204,-79.936743,Condominium,2015,375900,1982,1965,2128,3,3,7,5/10/96,230,355000,582828,7937,553687,611969,273.89,3064,-133,2635,3799,1.44,190.22,Squirrel Hill North,11534068,0
552 N Neville St APT 61,Pittsburgh,PA,15213,40.448587,-79.948465,Condominium,2015,72000,1972,966,966,1,1,4,8/13/14,11,108900,113303,723,101973,123500,117.29,1192,-1,775,1633,1.23,95.05,North Oakland,11528996,0
304 Sunnyland Ave,Pittsburgh,PA,15227,40.382951,-79.984862,SingleFamily,2015,82000,1925,7320,2156,1,3,11,,,,92528,1796,82350,106407,42.92,896,67,636,1138,0.42,103.27,Carrick,11305812,2
4271 Bryn Mawr Rd,Pittsburgh,PA,15219,40.450913,-79.957054,SingleFamily,2015,136600,1925,4417,2296,2,3,8,,,,181908,690,165536,200099,79.23,1471,56,956,1927,0.64,123.66,Upper Hill,11407301,2
443 Winton St,Pittsburgh,PA,15211,40.423277,-79.998843,SingleFamily,2015,59600,1918,3750,2019,2,3,6,7/13/12,36,48000,78097,1730,65601,87469,38.68,1170,-41,889,1661,0.58,66.75,Mount Washington,11314743,0
2250 Mary St APT 110,Pittsburgh,PA,15203,40.425542,-79.97472,Condominium,2015,202000,1950,1230,1535,1,1,5,6/13/06,109,219000,283766,-27086,263902,300792,184.86,2144,-37,1651,2787,1.4,132.35,Southside Flats,54623809,0
4353 Saline St,Pittsburgh,PA,15217,40.419393,-79.925742,SingleFamily,2015,261800,1957,7651,2608,4,5,12,7/22/02,156,216000,359080,18674,319581,398579,137.68,2313,-83,1388,3747,0.89,155.24,Squirrel Hill South,11639993,0
2250 Mary St APT 103,Pittsburgh,PA,15203,40.425581,-79.974543,Condominium,2015,209500,2001,1135,1600,2,1,7,7/16/02,156,105900,285804,-18902,268656,302952,178.63,2124,61,1699,2655,1.33,134.56,Southside Flats,58729872,0
1015 Grand Ave,Pittsburgh,PA,15212,40.474644,-80.025972,SingleFamily,2015,63200,1940,4500,1197,2,2,7,1/11/78,450,30000,61658,-3922,54876,69057,51.51,934,37,710,1149,0.78,66.01,Marshall - Shadeland,11606120,0
4707 Bayard St,Pittsburgh,PA,15213,40.450594,-79.948559,SingleFamily,2015,332100,1971,5624,1920,2.5,3,6,1/19/11,54,368000,426774,844,388364,477987,222.28,2771,-51,2078,3020,1.44,154.01,Shadyside,11528231,0
97 S 19th St,Pittsburgh,PA,15203,40.428295,-79.97898,SingleFamily,2015,141800,1900,743,1644,2,4,10,3/13/12,40,127000,232781,-2475,216486,244420,141.59,1821,109,1366,2276,1.11,127.83,Southside Flats,11291140,0
320 Fort Duquesne Blvd APT 24A,Pittsburgh,PA,15222,40.442273,-80.006947,Condominium,2015,134000,1964,716,1032,1,1,4,2/4/04,137,85000,181107,9386,162996,190162,175.49,1264,13,1036,1605,1.22,143.28,Central Business District,11363088,0
322 Main St,Pittsburgh,PA,15201,40.466892,-79.95735,SingleFamily,2015,107000,1910,3452,3024,2.5,4,9,,,,234977,742,195031,270224,77.7,1342,154,738,1785,0.44,175.09,Central Lawrenceville,11514143,2
118 N Woodland Rd,Pittsburgh,PA,15232,40.451572,-79.924043,Condominium,2015,261700,1987,1480,1560,2.5,2,5,6/5/03,145,276100,472478,8550,429955,519726,302.87,2598,18,1715,3325,1.67,181.86,Squirrel Hill North,11629018,0
390 Susanna Ct,Pittsburgh,PA,15207,40.417924,-79.941115,SingleFamily,2015,137000,1957,5160,1260,2,3,6,,,,185636,2326,172641,194918,147.33,1380,17,1104,1835,1.1,134.52,Hazelwood,11545430,2
1734 Verner Ave,Pittsburgh,PA,15212,40.481564,-80.043324,SingleFamily,2015,64800,1925,9600,1574,2,3,6,3/3/15,4,20000,84121,-696,77391,93374,53.44,978,8,773,1174,0.62,86.01,Brighton Heights,11603511,0
99 S 19th St,Pittsburgh,PA,15203,40.428257,-79.978984,SingleFamily,2015,106600,1900,673,1148,3,3,8,4/20/06,111,76900,181353,965,165031,194048,157.97,1525,-44,1052,2150,1.33,118.92,Southside Flats,11291141,0
1635 Methyl St,Pittsburgh,PA,15216,40.408971,-80.025292,SingleFamily,2015,55400,1925,2500,1320,1,3,6,7/8/03,144,63600,80394,-179,72355,87629,60.9,970,27,815,1261,0.73,82.88,Beechview,11445701,0
5551 Aylesboro Ave,Pittsburgh,PA,15217,40.439633,-79.928986,SingleFamily,2015,985100,1925,12729,5925,4.5,6,9,12/6/99,187,850000,1330443,15070,1263921,1436878,224.55,3786,265,1779,7572,0.64,351.41,Squirrel Hill North,11630958,0
536 S Graham St,Pittsburgh,PA,15232,40.455341,-79.936066,SingleFamily,2015,331000,1900,2776,2256,2.5,4,7,2/10/12,41,325000,424989,-1401,403740,446238,188.38,2786,-15,2452,3343,1.23,152.54,Shadyside,11525225,0
2415 Beechwood Blvd,Pittsburgh,PA,15217,40.43206,-79.914769,SingleFamily,2015,235800,1918,8250,2125,1.5,3,6,8/1/01,167,179000,384878,8448,361785,415668,181.12,2332,-90,1166,3055,1.1,165.04,Squirrel Hill South,11289690,0
2710 Glasgow St,Pittsburgh,PA,15204,40.456284,-80.046603,SingleFamily,2015,49200,1900,42925,1370,1,3,6,,,,55955,-164,48681,62670,40.84,889,22,693,1182,0.65,62.94,Sheraden,11371238,2
2440 Edgar St,Pittsburgh,PA,15210,40.385847,-79.982304,SingleFamily,2015,67200,1950,4510,1276,1,3,6,3/1/89,316,44000,89622,-1490,84245,95896,70.24,919,5,800,1351,0.72,97.52,Carrick,11645840,0
5 Meta St,Pittsburgh,PA,15211,40.431001,-80.021927,SingleFamily,2015,138000,2005,11646,1920,3.5,3,7,8/28/12,35,262000,177001,3736,157531,200011,92.19,1445,26,925,1821,0.75,122.49,Duquesne Heights,11554624,0
709 Montclair St,Pittsburgh,PA,15217,40.42082,-79.932993,SingleFamily,2015,68000,1927,1713,1180,1,3,5,3/1/07,100,96000,99227,4632,92281,107165,84.09,1162,20,953,1511,0.98,85.39,Greenfield,11545228,0
2303 Beaufort Ave,Pittsburgh,PA,15226,40.399818,-80.018485,SingleFamily,2015,139500,1925,4200,1626,3,3,6,8/14/02,155,106000,147647,4083,138788,156506,90.8,1455,17,1062,1833,0.89,101.48,Brookline,11565893,0
1115 Morningside Ave,Pittsburgh,PA,15206,40.477984,-79.931503,SingleFamily,2015,126500,1928,4000,1740,2,3,6,10/3/83,381,73500,156856,-4053,147445,169404,90.15,1335,-2,961,1722,0.77,117.5,Morningside,11619654,0
5903 5th Ave APT 304B,Shadyside,PA,15232,40.451709,-79.925529,Condominium,,,1968,,,2,2,,,,,222141,,195484,237691,,1714,,1063,2280,,129.6,Shadyside,2101835613,10
220 N Dithridge St APT 1007,Pittsburgh,PA,15213,40.44961,-79.951643,Condominium,2015,194700,1972,1473,1473,2,2,4,9/8/09,70,203000,208442,8458,193851,223033,141.51,1660,24,1328,2191,1.13,125.57,North Oakland,11407580,0
2741 Bellingham Ave,Pittsburgh,PA,15216,40.403059,-80.03927,SingleFamily,2015,65900,1955,6088,925,1,3,5,,,,73298,3415,68167,82827,79.24,895,13,752,1199,0.97,81.9,Banksville,11570430,2
202 Olympia St,Pittsburgh,PA,15211,40.434597,-80.017197,SingleFamily,2015,108200,1930,5067,2004,1.5,3,7,,,,158074,7095,143847,169139,78.88,1271,31,928,1665,0.63,124.37,Mount Washington,11586281,2
297 S Murtland St,Pittsburgh,PA,15208,40.448976,-79.906745,SingleFamily,2015,486400,1950,36017,4546,6,5,10,11/5/75,476,132000,809880,20037,745090,923263,178.15,3514,50,2530,4920,0.77,230.47,Point Breeze,11287763,0
1338 Fallowfield Ave,Pittsburgh,PA,15216,40.414721,-80.024259,SingleFamily,2015,68500,1960,3450,1050,1,2,5,9/12/06,106,55000,69462,2027,63210,77103,66.15,930,55,697,1163,0.89,74.69,Beechview,11335885,0
3780 Chartiers Ave,Pittsburgh,PA,15204,40.45786,-80.074067,SingleFamily,2015,134500,1978,25264,1826,3,3,5,,,,165887,1038,152616,180817,90.85,1517,28,1123,2018,0.83,109.35,Wind Gap,11592488,2
620 S Negley Ave,Pittsburgh,PA,15232,40.454071,-79.932531,SingleFamily,2015,710600,1911,6997,4585,3.5,4,12,7/28/10,60,751000,916741,-28973,870904,980913,199.94,2850,-74,1425,5472,0.62,321.66,Shadyside,11625326,0
11/15 Sycamore,Mt Washington,PA,15211,40.430405,-80.006996,MultiFamily2To4,,,1934,,,,0,,,,,203701,,189442,219997,,1133,,952,2187,,179.79,Mount Washington,2101835623,11
2417 Hobson Ave,Pittsburgh,PA,15226,40.388818,-80.009699,SingleFamily,2015,95000,1930,4800,1536,1,3,6,12/31/07,91,59000,127925,-736,120249,135601,83.28,1163,13,907,1454,0.76,110,Brookline,11650023,0
4024 Ludwick St,Pittsburgh,PA,15217,40.424622,-79.925217,SingleFamily,2015,193700,1925,4170,1488,2,4,7,9/21/12,34,225000,258197,565,240123,278853,173.52,1901,48,1521,2281,1.28,135.82,Squirrel Hill South,11636406,0
364 S Atlantic Ave,Pittsburgh,PA,15224,40.460181,-79.939587,MultiFamily2To4,2015,225000,1894,8000,4763,,0,11,7/2/90,300,68000,368697,-7906,313392,427689,77.41,1789,-146,1145,2862,0.38,206.09,Bloomfield,11524380,1
125-127 Fairview Ave,Elliott,PA,15220,40.443492,-80.037734,MultiFamily2To4,,,1890,,,1,2,,,,,59187,,51493,65698,,750,,615,960,,78.92,Elliott,2101843441,10
712-714 Fairview Ave,Elliott,PA,15220,40.443424,-80.037841,MultiFamily2To4,,,1900,,,1,2,,,,,54379,,41328,61992,,745,,596,939,,72.99,Elliott,2101843442,10
935 Morningside Ave,Pittsburgh,PA,15206,40.476415,-79.932045,SingleFamily,2015,137400,1950,5280,1502,2,5,9,1/9/03,150,71000,160058,-5773,150455,172863,106.56,1446,53,868,1923,0.96,110.69,Stanton Heights,11620222,0
1509 Beechview Ave,Pittsburgh,PA,15216,40.412564,-80.024569,SingleFamily,2015,83900,1920,3450,2360,2,5,9,11/2/00,176,65000,88468,842,77852,98199,37.49,1044,-7,668,1378,0.44,84.74,Beechview,11444763,0
1273 Clairhaven St,Pittsburgh,PA,15205,40.438532,-80.054635,SingleFamily,2015,75900,1920,4100,1776,1,3,6,6/13/13,25,13000,86815,-910,76397,96365,48.88,1022,-57,848,1410,0.58,84.95,Crafton Heights,11475972,0
1800 Walz St,Pittsburgh,PA,15212,40.464492,-79.991,SingleFamily,2015,30700,1900,7800,1246,2,2,6,10/13/87,333,13500,58243,-3551,53001,68144,46.74,940,21,724,1335,0.75,61.96,Spring Hill - City View,11511793,0
5025 5th Ave APT 3F,Shadyside,PA,15232,40.448223,-79.942291,Condominium,,,1960,,,1,1,,,,,195869,-754,186076,211539,,1254,-22,840,1768,,156.2,Shadyside,2132398549,8
768 Southcrest Dr,Pittsburgh,PA,15226,40.406316,-80.008618,SingleFamily,2015,113900,1961,11280,1260,2,3,6,,,,140367,4472,133349,147385,111.4,1247,15,1010,1434,0.99,112.56,Brookline,11440504,2
1312 Beechview Ave,Pittsburgh,PA,15216,40.415688,-80.025289,MultiFamily2To4,2015,78900,1930,3000,2404,,0,11,8/18/04,131,72340,91989,2509,80950,101188,38.26,884,74,575,1273,0.37,104.06,Beechview,11335796,1
4932 Ellsworth Ave,Pittsburgh,PA,15213,40.450357,-79.943666,SingleFamily,2015,460700,1955,11250,3167,4,5,7,12/5/11,43,800100,746576,60525,694316,806302,235.74,3388,54,2575,4099,1.07,220.36,Shadyside,11528331,0
6933 Standish St,Pittsburgh,PA,15206,40.485963,-79.923371,SingleFamily,2015,108600,1916,2900,1500,2,4,8,4/14/11,51,150450,191055,43824,168128,210160,127.37,1303,87,951,1733,0.87,146.63,Morningside,11278543,0
332 Merrimac St,Pittsburgh,PA,15211,40.430634,-80.014175,SingleFamily,2015,230000,1880,5201,2277,3.5,4,8,,,,220471,52528,194014,253542,96.83,1528,296,840,2109,0.67,144.29,Mount Washington,121886464,2
3507 Gerber Ave,Pittsburgh,PA,15212,40.479649,-80.033719,SingleFamily,2015,67500,1930,6146,1628,2,3,6,12/18/95,235,69000,102746,7269,87334,113021,63.11,1020,34,745,1530,0.63,100.73,Brighton Heights,11603781,0
2618 Mccord St,Pittsburgh,PA,15203,40.423286,-79.969332,SingleFamily,2015,59100,1900,1600,1160,3,3,5,12/16/03,139,105000,103037,3479,95824,112310,88.83,1241,-35,931,1750,1.07,83.03,Southside Slopes,11307704,0
5 Bayard Rd APT 815,Pittsburgh,PA,15213,40.452554,-79.941938,Condominium,2015,89400,1969,848,848,1,1,3,7/30/13,24,105000,129878,-2827,123384,136372,153.16,1207,2,797,1738,1.42,107.6,Shadyside,11528521,0
Madeline St,Carrick,PA,15203,40.4266,-79.9775,VacantResidentialLand,,,,91040,,,0,,,,,,,,,,857,,686,1371,,,Southside Flats,2101865303,14
E Agnew,Carrick,PA,15203,40.4266,-79.9775,VacantResidentialLand,,,,38332,,,0,,,,,,,,,,857,,686,1371,,,Southside Flats,2101865304,14
707 Clyde St,Pittsburgh,PA,15213,40.447937,-79.94515,SingleFamily,2015,278200,1978,2451,1600,3,4,7,,,,424743,-4988,382269,458722,265.46,2615,-4,1726,3347,1.63,162.43,Shadyside,11529197,2
2911 Stafford St,Pittsburgh,PA,15204,40.456153,-80.05025,SingleFamily,2015,60000,1910,2500,1650,1,3,6,11/22/06,104,27500,58802,3739,48806,65858,35.64,925,16,731,1212,0.56,63.57,Sheraden,11483265,0
1926 Larkins Way,Pittsburgh,PA,15203,40.427141,-79.978247,SingleFamily,2015,100100,1900,1200,1028,1,2,8,11/21/11,44,121500,153546,1518,139727,164294,149.36,1397,-19,880,1858,1.36,109.91,Southside Flats,11291338,0
2016 Gregory St,Pittsburgh,PA,15203,40.423472,-79.978519,SingleFamily,2015,64200,1900,2160,1956,2,3,6,12/31/14,7,25000,102443,986,86052,121907,52.37,1258,24,830,1862,0.64,81.43,Southside Slopes,11307454,0
1215 Columbus Ave,Pittsburgh,PA,15233,40.458234,-80.024269,SingleFamily,,,2015,,,2.5,3,,,,,254871,,231933,326235,,2172,,1586,2563,,117.34,Manchester,2101868934,10
2321 Wrights Way,Pittsburgh,PA,15203,40.42886,-79.971986,SingleFamily,2015,187500,1900,833,1092,2,3,5,3/8/11,52,187500,180757,29291,164489,193410,165.53,1430,83,958,1902,1.31,126.4,Southside Flats,11290879,0
22-23 Kenwood Ave,Perry Township,PA,15214,40.469581,-80.009346,MultiFamily2To4,,,1900,,,4,4,,,,,76255,,67104,87693,,1418,,794,2141,,53.78,Perry South,2101870568,10
2952 Fernwald Rd,Pittsburgh,PA,15217,40.423895,-79.919199,SingleFamily,2015,219200,1949,10653,1856,2,4,8,,,,340523,-20700,323497,371170,183.47,2242,15,964,2982,1.21,151.88,Squirrel Hill South,11636691,2
1701 Mount Joseph St,Pittsburgh,PA,15210,40.397669,-79.990946,SingleFamily,2015,78200,1930,3920,1814,1,4,8,7/6/95,240,55000,75788,-19,63662,86398,41.78,900,6,756,1296,0.5,84.21,Carrick,11556827,0
414 & 426 N Fairmount,Garfield,PA,15206,40.467773,-79.930854,VacantResidentialLand,,,,3920,,,0,,,,,,,,,,735,,625,1154,,,Garfield,2101871942,14
244 Albert St,Pittsburgh,PA,15211,40.422617,-80.00802,SingleFamily,2015,42100,1923,3120,924,1,2,6,8/16/12,35,1817,61483,773,55335,68246,66.54,1025,22,707,1394,1.11,59.98,Mount Washington,11323354,0
320 Fort Duquesne Blvd # 17-O,Pittsburgh,PA,15222,40.442715,-80.006935,Condominium,2015,87800,1964,1110,647,1,1,3,,,,129011,718,116110,138042,199.4,1143,-19,857,1429,1.77,112.87,Central Business District,11363025,2
320 Fort Duquesne Blvd APT 17N,Pittsburgh,PA,15222,40.44269,-80.006717,Condominium,2015,131400,1964,1033,1033,1,1,3,5/28/15,2,231000,174061,475,163617,184505,168.5,1223,-16,1015,1578,1.18,142.32,Central Business District,11363247,0
2521 Sarah St,Pittsburgh,PA,15203,40.426984,-79.969326,SingleFamily,2015,105400,1900,2400,918,1,3,4,4/28/11,51,115000,121348,12492,105573,132269,132.19,1226,29,760,1508,1.34,98.98,Southside Flats,11291660,0
1403 Brookline Blvd,Pittsburgh,PA,15226,40.392566,-80.009166,SingleFamily,2015,75000,1920,3150,1392,2,2,6,6/29/01,169,55000,84563,-668,76952,93019,60.75,974,40,692,1237,0.7,86.82,Brookline,11649099,0
912 N Highland Ave,Pittsburgh,PA,15206,40.47134,-79.919894,SingleFamily,2015,237000,1910,5740,2813,3,6,8,12/18/86,343,93000,398830,-46704,374900,426748,141.78,2510,-2,1506,3213,0.89,158.9,Highland Park,11622551,0
110 Homestead St,Pittsburgh,PA,15218,40.41927,-79.900443,SingleFamily,2015,156400,1920,3840,1239,2,2,5,8/9/01,167,55000,149706,1968,142221,157191,120.83,1346,84,902,1615,1.09,111.22,Swisshelm Park,11290342,0
2927 Fernwald Rd,Pittsburgh,PA,15217,40.423826,-79.918208,SingleFamily,2015,207100,1940,4000,1816,1.5,4,7,8/16/05,119,208500,293168,-5251,278510,307826,161.44,2086,2,1418,2858,1.15,140.54,Squirrel Hill South,11636732,0
5914 Braeburn Pl,Pittsburgh,PA,15232,40.448339,-79.922235,SingleFamily,2015,1200000,1930,12240,4228,4.5,5,10,8/26/13,23,1275000,1390010,28134,1320510,1459510,328.76,3724,118,2346,7448,0.88,373.26,Squirrel Hill North,11629192,0
5421 Claybourne St,Pittsburgh,PA,15232,40.455309,-79.937307,SingleFamily,2015,260200,1905,2600,2205,2.5,4,7,11/11/05,116,163500,310579,-5951,288838,326108,140.85,2494,26,1895,2793,1.13,124.53,Shadyside,11525166,0
41 Hemingway St,Pittsburgh,PA,15213,40.456745,-79.950363,Condominium,2015,211100,1995,1568,1748,1.5,3,5,6/15/10,61,230250,287114,-8767,272758,310083,164.25,2216,61,1706,2881,1.27,129.56,Bloomfield,11403310,0
4558 Parade,Greenfield,PA,15207,40.416122,-79.941574,SingleFamily,,,1965,,,1.5,3,,,,,132213,,117670,138824,,1055,,812,1656,,125.32,Hazelwood,2101882986,10
2793 Zephyr Ave,Pittsburgh,PA,15204,40.454534,-80.052089,SingleFamily,2015,43500,1914,5000,1782,2,4,7,6/18/09,73,50000,67612,-609,59499,74373,37.94,924,-4,804,1294,0.52,73.17,Sheraden,11483684,0
306 Marlow St,Pittsburgh,PA,15220,40.444145,-80.037856,Townhouse,2015,64600,1910,2178,1454,1,3,6,11/5/04,128,70000,58740,2948,53453,65201,40.4,926,20,759,1213,0.64,63.43,Elliott,11367080,0
936 Fordham Ave,Pittsburgh,PA,15226,40.389729,-80.021292,SingleFamily,2015,92800,1920,3600,1623,2,3,6,8/30/06,107,89999,124457,-188,110767,138147,76.68,1218,29,962,1681,0.75,102.18,Brookline,11653283,0
342 Service Way,Pittsburgh,PA,15201,40.469184,-79.955728,SingleFamily,2015,45100,1880,1000,1020,1,2,4,7/5/01,168,10000,83293,3583,59971,100785,81.66,1075,39,742,1462,1.05,77.48,Central Lawrenceville,11513647,0
4028 Howley St,Pittsburgh,PA,15224,40.463623,-79.955983,MultiFamily2To4,2015,51000,1900,1300,952,1,2,4,7/28/99,192,40000,67479,5000,57357,76926,70.88,1032,27,702,1321,1.08,65.39,Bloomfield,11514905,0
1040 Highmont Rd,Pittsburgh,PA,15232,40.450451,-79.921792,SingleFamily,2015,637100,1942,12065,5363,5.5,5,12,3/2/12,40,1800000,985002,25717,827402,1083502,183.67,3358,-21,1343,5373,0.63,293.33,Squirrel Hill North,11628986,0
6334 Ebdy St,Pittsburgh,PA,15217,40.424344,-79.922691,SingleFamily,2015,189200,1930,6093,1711,1.5,3,7,12/19/80,415,78000,256991,16637,233862,272410,150.2,1863,68,1602,2142,1.09,137.94,Squirrel Hill South,11636608,0
4625 5th Ave APT 102,Oakland,PA,15213,40.447445,-79.948006,Cooperative,,,1953,,,2,2,,,,,98823,-833,88941,112658,,1217,-24,815,1826,,81.2,North Oakland,2116439697,8
144 N Dithridge St APT 205,Pittsburgh,PA,15213,40.448194,-79.950992,Condominium,2015,72300,1940,744,744,1,0,3,7/21/06,108,64000,91275,821,79409,99490,122.68,1091,15,698,1571,1.47,83.66,North Oakland,11407757,0
936 Fordham Ave,Pittsburgh,PA,15226,40.389729,-80.021292,SingleFamily,2015,92800,1920,3600,1623,2,3,6,8/30/06,107,89999,124457,-188,110767,138147,76.68,1218,29,962,1681,0.75,102.18,Brookline,11653283,0
6334 Ebdy St,Pittsburgh,PA,15217,40.424344,-79.922691,SingleFamily,2015,189200,1930,6093,1711,1.5,3,7,12/19/80,415,78000,256991,16637,233862,272410,150.2,1863,68,1602,2142,1.09,137.94,Squirrel Hill South,11636608,0
1040 Highmont Rd,Pittsburgh,PA,15232,40.450451,-79.921792,SingleFamily,2015,637100,1942,12065,5363,5.5,5,12,3/2/12,40,1800000,985002,25717,827402,1083502,183.67,3358,-21,1343,5373,0.63,293.33,Squirrel Hill North,11628986,0
4028 Howley St,Pittsburgh,PA,15224,40.463623,-79.955983,MultiFamily2To4,2015,51000,1900,1300,952,1,2,4,7/28/99,192,40000,67479,5000,57357,76926,70.88,1032,27,702,1321,1.08,65.39,Bloomfield,11514905,0
4625 5th Ave APT 102,Oakland,PA,15213,40.447445,-79.948006,Cooperative,,,1953,,,2,2,,,,,98823,-833,88941,112658,,1217,-24,815,1826,,81.2,North Oakland,2116439697,8
144 N Dithridge St APT 205,Pittsburgh,PA,15213,40.448194,-79.950992,Condominium,2015,72300,1940,744,744,1,0,3,7/21/06,108,64000,91275,821,79409,99490,122.68,1091,15,698,1571,1.47,83.66,North Oakland,11407757,0
1231 N Highland Ave,Pittsburgh,PA,15206,40.475422,-79.918561,Condominium,2015,147600,1930,2173,1504,1.5,3,6,10/17/14,9,140000,151597,2379,113698,191012,100.8,1407,29,1097,1773,0.94,107.74,Highland Park,11620486,0
2806 Banksville Ave,Pittsburgh,PA,15216,40.40491,-80.04034,Miscellaneous,,,,,,2.5,2,,,,,157157,,146156,171301,,1185,,782,1849,,132.62,Banksville,2101891290,11
1425 N Highland Ave,Pittsburgh,PA,15206,40.477413,-79.917234,SingleFamily,2015,336200,1956,7700,3190,4,4,8,3/11/04,136,325000,513518,3239,472437,549464,160.98,2754,56,2203,3443,0.86,186.46,Highland Park,11620057,0
7034 Thomas Blvd,Pittsburgh,PA,15208,40.451774,-79.903416,SingleFamily,2015,197300,1911,8371,3921,5,7,10,8/24/84,371,89000,350767,-8002,322706,389351,89.46,1931,-124,1255,3534,0.49,181.65,Point Breeze North,11287313,0
803 Norwich Ave,Pittsburgh,PA,15226,40.391293,-80.024163,SingleFamily,2015,75200,1928,3600,1218,1,3,5,8/26/09,71,73000,87001,5168,80911,95701,71.43,994,17,785,1243,0.82,87.53,Brookline,11653322,0
111 Grandview Ave APT 301,Pittsburgh,PA,15211,40.431489,-80.007279,Condominium,2015,402800,1978,2130,2130,2,2,5,12/12/06,103,400000,566075,-4118,537771,594379,265.76,2931,-78,2110,4455,1.38,193.13,Mount Washington,11515518,0
418 Edith St,Pittsburgh,PA,15211,40.435995,-80.025033,SingleFamily,2015,40000,1955,2700,920,1,2,5,3/13/15,4,42000,59428,1060,41600,95679,64.6,873,-29,716,1257,0.95,68.07,Duquesne Heights,11585516,0
3918 Oswald St,Pittsburgh,PA,15212,40.485134,-80.042823,SingleFamily,2015,81200,1954,4515,1224,2,3,6,12/18/08,79,85000,83044,6819,75570,89688,67.85,924,27,730,1164,0.75,89.87,Brighton Heights,11268675,0
1484 Daleland Ave,Pittsburgh,PA,15220,40.415886,-80.041491,SingleFamily,2015,136600,1972,8917,1662,2.5,3,7,,,,160575,7862,142912,173421,96.62,1354,104,1015,1598,0.81,118.59,Banksville,11346934,2
2011 Termon Ave,Pittsburgh,PA,15212,40.482571,-80.044992,SingleFamily,2015,96800,1930,5003,1698,2,5,7,7/17/98,204,60000,110586,2896,96210,118327,65.13,976,95,644,1405,0.57,113.31,Brighton Heights,11269232,0
109 S 17th St,Pittsburgh,PA,15203,40.428121,-79.981948,SingleFamily,2015,264200,1900,1440,2640,1,2,10,7/23/03,144,127200,318561,4284,277148,356788,120.67,1932,145,1352,2570,0.73,164.89,Southside Flats,11290953,0
4245 Parkman Ave,Pittsburgh,PA,15213,40.448348,-79.957284,SingleFamily,2015,407900,1925,6711,2888,3,5,7,12/14/87,331,150000,603294,4780,573129,633459,208.9,3327,-8,2562,4092,1.15,181.33,North Oakland,11407517,0
6351 Morrowfield Ave,Pittsburgh,PA,15217,40.427377,-79.920715,SingleFamily,2015,223000,1925,7500,1976,4,4,8,5/2/00,182,147300,304575,18401,280209,328941,154.14,2205,58,1632,2712,1.12,138.13,Squirrel Hill South,11635916,0
408 Bradley St,Mt Washington,PA,15211,40.43996,-80.028022,SingleFamily,,,2015,,,4,3,,,,,259473,,243905,272447,,1966,,1494,2359,,131.98,Mount Washington,2101910146,10
447 Grace St,Mount Washington,PA,15211,40.428768,-80.013848,SingleFamily,2015,128100,2005,3005,1488,2.5,3,5,7/6/12,36,204500,206805,6772,194397,223349,138.98,1678,-24,1376,2030,1.13,123.24,Mount Washington,87992859,0
117 47th St,Pittsburgh,PA,15201,40.47585,-79.960391,SingleFamily,2015,54200,1880,906,966,1,2,5,,,,84591,1256,61751,104047,87.57,1017,31,641,1353,1.05,83.18,Central Lawrenceville,11613174,2
1635 Leolyn St,Pittsburgh,PA,15210,40.399085,-79.985988,SingleFamily,2015,29000,1916,2546,2000,2.5,3,6,2/18/98,209,2035,68801,773,61921,77057,34.4,863,-13,768,1312,0.43,79.72,Carrick,11556930,0
316 Lehigh Ave,Pittsburgh,PA,15232,40.45666,-79.926665,SingleFamily,2015,328200,1910,4438,2592,3.5,4,8,9/18/07,94,450000,504764,33320,469431,540097,194.74,2828,78,2404,3450,1.09,178.49,Shadyside,11624880,0
339 Lafayette Ave,Pittsburgh,PA,15214,40.465988,-80.006487,SingleFamily,2015,80700,1900,5250,2534,3,3,10,1/8/98,210,69000,89616,3618,73485,105747,35.37,953,42,667,1382,0.38,94.04,Perry South,11505838,0
5703 Elmer St APT 2B,Shadyside,PA,15232,40.453708,-79.931709,Condominium,,,1930,,,2,2,,,,,271587,18826,258008,285166,,1889,190,1360,2172,,143.77,Shadyside,2124757379,8
1522 Well St,Pittsburgh,PA,15211,40.436148,-80.023076,SingleFamily,2015,106000,1927,3000,1408,3.5,3,8,6/26/08,85,26000,155622,4718,138504,169628,110.53,1321,-23,1017,1770,0.94,117.81,Duquesne Heights,11585591,0
87 Sylvania Ave,Pittsburgh,PA,15210,40.41738,-80.006389,SingleFamily,2015,23900,1911,3000,1408,1,2,6,1/10/79,438,19500,38464,527,35002,44234,27.32,849,-4,747,1274,0.6,45.31,Beltzhoover,11324507,0
1522 S Negley Ave,Pittsburgh,PA,15217,40.440574,-79.925758,Condominium,2015,290000,1985,1250,2127,3.5,3,6,,,,385374,4856,366105,404643,181.18,2676,62,2248,3452,1.26,144.01,Squirrel Hill North,11630731,2
5821 Ferree St,Pittsburgh,PA,15217,40.440994,-79.922326,SingleFamily,2015,366100,1912,4900,2657,2.5,5,8,,,,540766,404,513728,567804,203.53,2913,-150,2767,3991,1.1,185.64,Squirrel Hill North,11630755,2
18 Foster Sq,Pittsburgh,PA,15212,40.451245,-80.0083,Cooperative,,,1972,,,2.5,3,,,,,172489,,160415,186288,,1473,,957,2062,,117.1,Allegheny Center,2101926817,10
454 Oneida St,Pittsburgh,PA,15211,40.431273,-80.02147,SingleFamily,2015,84000,1941,3975,1196,1,3,6,1/24/12,42,116600,121580,12898,98480,134954,101.66,1199,-4,899,1499,1,101.4,Duquesne Heights,11554676,0
1147 Rodgers St,Pittsburgh,PA,15207,40.368206,-79.915657,MultiFamily2To4,2015,40700,1896,4091,1296,,0,7,5/29/87,338,31500,64429,-6528,56698,75382,49.71,846,7,601,1286,0.65,76.16,Lincoln Place,11351937,1
2708 Penn Ave,Pittsburgh,PA,15222,40.455905,-79.97657,SingleFamily,,,,,,,0,,,,,247119,,175454,316312,,1021,,613,1480,,242.04,Strip District,2101930778,12
520 Loretto Rd,Pittsburgh,PA,15217,40.420736,-79.938974,SingleFamily,2015,128000,1949,4081,1109,2,3,5,,,,154752,2066,147014,162490,139.54,1305,1,1031,1670,1.18,118.58,Greenfield,11545092,2
620 Grandview Ave,Pittsburgh,PA,15202,40.506752,-80.068318,SingleFamily,2015,81000,1935,6000,1139,1,2,6,2/21/13,29,38000,108550,3183,100951,117234,95.3,1094,46,777,1368,0.96,99.22,Avalon,11368235,0
640 Laughlin Ave,Pittsburgh,PA,15210,40.404466,-79.978397,SingleFamily,2015,42200,1914,8025,1200,1,3,5,,,,50611,1046,44032,57190,42.18,847,0,754,1160,0.71,59.75,Carrick,11435392,2
234 Nuzum Ave,Pittsburgh,PA,15210,40.391671,-79.981943,SingleFamily,2015,79700,1960,8805,1261,1.5,3,5,,,,74659,7732,65700,82871,59.21,944,14,793,1425,0.75,79.09,Carrick,11645174,2
234 38th St,Pittsburgh,PA,15201,40.466062,-79.963466,SingleFamily,,,,1200,,2.5,3,,,,,175147,13702,155881,194413,,1501,46,976,2252,,116.69,Lower Lawrenceville,2133121660,8
217 42nd St,Pittsburgh,PA,15201,40.470098,-79.959945,Townhouse,2015,43300,1890,538,1456,2.5,3,5,5/27/14,14,85000,73076,10113,57730,84037,50.19,1049,51,682,1574,0.72,69.66,Central Lawrenceville,11512846,0
36 Baldwick Rd,Pittsburgh,PA,15205,40.429366,-80.064529,SingleFamily,2015,8200,1958,12320,1266,2.5,4,6,1/3/96,234,500,92392,1068,69294,112718,72.98,1160,-4,812,1705,0.92,79.65,Oakwood,11473780,0
1404 Morningside Ave,Pittsburgh,PA,15206,40.481406,-79.929801,SingleFamily,2015,125100,1940,3200,1920,1.5,3,7,,,,192790,2762,177367,206285,100.41,1426,1,970,1811,0.74,135.2,Morningside,11619455,2
1104 Kirsopp Ave,Pittsburgh,PA,15220,40.409408,-80.037098,SingleFamily,2015,110000,1960,6240,1315,2,4,6,3/15/78,448,52000,149165,643,141707,156623,113.43,1321,60,1004,1585,1,112.92,Banksville,11452910,0
1614 Rockford Ave,Pittsburgh,PA,15226,40.385077,-80.012179,SingleFamily,2015,83200,1940,7500,1094,1.5,4,6,9/15/77,454,30900,99622,1838,91652,108588,91.06,1050,81,704,1313,0.96,94.88,Brookline,11650289,0
206 Camfield St,Pittsburgh,PA,15210,40.409127,-79.998624,SingleFamily,2015,56400,1920,4800,910,1,2,5,11/3/04,128,67590,79772,3279,70199,86951,87.66,861,13,723,1145,0.95,92.65,Bon Air,11436183,0
2219 Old Oak Dr,Pittsburgh,PA,15220,40.401063,-80.044682,SingleFamily,2015,129000,1954,8754,1671,2,3,7,8/19/08,83,179000,167905,17133,146077,179658,100.48,1451,82,1117,1741,0.87,115.72,Banksville,11570643,0
152 Hornaday Rd,Pittsburgh,PA,15210,40.394766,-79.983036,SingleFamily,2015,65500,1922,4800,2069,1,3,7,12/9/75,475,20000,72189,522,60639,83017,34.89,885,-5,743,1177,0.43,81.57,Carrick,11557361,0
1532 Asbury Pl,Pittsburgh,PA,15217,40.44073,-79.921017,Townhouse,2015,336000,1961,2053,1824,3.5,3,7,8/26/11,47,336000,379375,-7057,360406,405931,207.99,2504,144,1527,3205,1.37,151.51,Squirrel Hill North,11630840,0
234 38th St,Pittsburgh,PA,15201,40.466062,-79.963466,SingleFamily,,,,1200,,2.5,3,,,,,175147,13702,155881,194413,,1501,46,976,2252,,116.69,Lower Lawrenceville,2133121660,8
217 42nd St,Pittsburgh,PA,15201,40.470098,-79.959945,Townhouse,2015,43300,1890,538,1456,2.5,3,5,5/27/14,14,85000,73076,10113,57730,84037,50.19,1049,51,682,1574,0.72,69.66,Central Lawrenceville,11512846,0
1104 Kirsopp Ave,Pittsburgh,PA,15220,40.409408,-80.037098,SingleFamily,2015,110000,1960,6240,1315,2,4,6,3/15/78,448,52000,149165,643,141707,156623,113.43,1321,60,1004,1585,1,112.92,Banksville,11452910,0
1614 Rockford Ave,Pittsburgh,PA,15226,40.385077,-80.012179,SingleFamily,2015,83200,1940,7500,1094,1.5,4,6,9/15/77,454,30900,99622,1838,91652,108588,91.06,1050,81,704,1313,0.96,94.88,Brookline,11650289,0
36 Baldwick Rd,Pittsburgh,PA,15205,40.429366,-80.064529,SingleFamily,2015,8200,1958,12320,1266,2.5,4,6,1/3/96,234,500,92392,1068,69294,112718,72.98,1160,-4,812,1705,0.92,79.65,Oakwood,11473780,0
1404 Morningside Ave,Pittsburgh,PA,15206,40.481406,-79.929801,SingleFamily,2015,125100,1940,3200,1920,1.5,3,7,,,,192790,2762,177367,206285,100.41,1426,1,970,1811,0.74,135.2,Morningside,11619455,2
206 Camfield St,Pittsburgh,PA,15210,40.409127,-79.998624,SingleFamily,2015,56400,1920,4800,910,1,2,5,11/3/04,128,67590,79772,3279,70199,86951,87.66,861,13,723,1145,0.95,92.65,Bon Air,11436183,0
2219 Old Oak Dr,Pittsburgh,PA,15220,40.401063,-80.044682,SingleFamily,2015,129000,1954,8754,1671,2,3,7,8/19/08,83,179000,167905,17133,146077,179658,100.48,1451,82,1117,1741,0.87,115.72,Banksville,11570643,0
152 Hornaday Rd,Pittsburgh,PA,15210,40.394766,-79.983036,SingleFamily,2015,65500,1922,4800,2069,1,3,7,12/9/75,475,20000,72189,522,60639,83017,34.89,885,-5,743,1177,0.43,81.57,Carrick,11557361,0
1532 Asbury Pl,Pittsburgh,PA,15217,40.44073,-79.921017,Townhouse,2015,336000,1961,2053,1824,3.5,3,7,8/26/11,47,336000,379375,-7057,360406,405931,207.99,2504,144,1527,3205,1.37,151.51,Squirrel Hill North,11630840,0
545 Frayne St,Pittsburgh,PA,15207,40.416862,-79.936862,SingleFamily,2015,26900,1921,2883,1024,1.5,2,4,9/27/89,310,19000,73100,-1581,54825,87720,71.39,852,0,733,1295,0.83,85.8,Hazelwood,11545510,0
1306 Monterey St,Pittsburgh,PA,15212,40.456574,-80.013206,SingleFamily,2015,159300,1912,950,1476,2,3,5,6/7/04,133,106250,172233,-12016,149843,203235,116.69,1544,1,1220,1945,1.05,111.55,Central Northside,11388240,0
1452 Beechwood Blvd,Pittsburgh,PA,15217,40.442439,-79.917725,SingleFamily,2015,771300,1900,40000,5672,5.5,8,10,9/23/98,202,727500,1069024,91889,983502,1143856,188.47,3810,159,1714,5525,0.67,280.58,Squirrel Hill North,11630876,0
851 Fordham Ave,Pittsburgh,PA,15226,40.390969,-80.022174,SingleFamily,2015,79000,1924,3600,1303,1,3,6,10/6/05,117,78000,91617,3652,85204,97114,70.31,976,41,761,1220,0.75,93.87,Brookline,11653446,0
5807 Stanton Ave,Pittsburgh,PA,15206,40.470528,-79.92264,SingleFamily,2015,80200,1883,5720,3400,2.5,7,10,2/6/06,113,71010,217399,-1070,141309,263053,63.94,1412,82,777,2062,0.42,153.97,Highland Park,11622443,0
5435 Dunmoyle Ave,Pittsburgh,PA,15217,40.447345,-79.932124,SingleFamily,2015,1805100,1905,26694,5088,7.5,5,12,7/19/12,36,1805162,1710414,-8458,1402539,2018289,336.17,3463,109,658,6926,0.68,493.91,Squirrel Hill North,11629347,0
3977 Beechwood Blvd,Pittsburgh,PA,15217,40.427528,-79.935863,SingleFamily,2015,110600,1950,4539,968,1,2,5,12/6/11,43,125500,145893,5464,138598,154647,150.72,1253,18,952,1504,1.29,116.43,Greenfield,11539892,0
138 S 23rd St,Pittsburgh,PA,15203,40.426386,-79.973466,SingleFamily,2015,201900,1900,1440,2166,2.5,3,6,6/15/05,121,235500,269235,5514,253081,290774,124.3,2096,26,1761,2620,0.97,128.45,Southside Flats,11291647,0
3611 Beechwood Blvd,Pittsburgh,PA,15217,40.425641,-79.927079,MultiFamily2To4,2015,76700,1915,3294,1891,,0,10,12/18/09,67,105000,155117,13833,147361,164424,82.03,996,108,647,1444,0.53,155.74,Greenfield,11636459,1
320 Ft Duq Blvd STE 160,Pittsburgh,PA,15222,40.450393,-79.991149,SingleFamily,,,,,,,0,,,,,103244,,71238,136282,,900,,702,1395,,114.72,Strip District,2101975960,12
6936 Thomas Blvd,Pittsburgh,PA,15208,40.452481,-79.905757,SingleFamily,2015,161300,1964,3943,1800,2,3,7,7/6/88,324,69500,235048,-5784,206842,263254,130.58,1849,25,1424,2330,1.03,127.12,Point Breeze North,11287283,0
1894 Woodward Ave,Pittsburgh,PA,15226,40.404988,-80.017461,SingleFamily,2015,70500,1961,5336,1000,1.5,3,6,10/14/09,69,57500,89406,-1608,84042,93876,89.41,1039,29,758,1320,1.04,86.05,Brookline,11446315,0
552 Celeron,Regent Square,PA,15218,40.441009,-79.895484,MultiFamily2To4,,,,,,,0,,,,,299744,,206823,392665,,932,,690,1659,,321.61,Point Breeze,2101977880,12
1554 Overton Ln,Pittsburgh,PA,15217,40.418699,-79.917721,SingleFamily,2015,331500,2008,3729,1742,2.5,3,7,9/3/08,82,357200,400775,-3993,364705,440852,230.07,2505,18,1102,3006,1.44,159.99,Squirrel Hill South,87802121,0
213 Cedarcove St,Pittsburgh,PA,15227,40.388902,-79.973298,SingleFamily,2015,63700,1954,7140,936,2,3,5,9/25/07,94,105400,110867,11720,104215,116410,118.45,1069,53,716,1422,1.14,103.71,Carrick,11645736,0
2921 Breker St,Pittsburgh,PA,15212,40.471365,-80.029767,SingleFamily,2015,57600,1920,3900,1360,1,2,6,1/22/98,210,41500,52754,47,48534,57502,38.79,855,6,735,1197,0.63,61.7,Marshall - Shadeland,11498290,0
1976 Warriors Rd,Pittsburgh,PA,15205,40.428244,-80.047077,SingleFamily,2015,81700,1935,10000,1540,3,3,5,5/28/03,146,48000,139585,5173,131210,147960,90.64,1255,35,828,1682,0.81,111.22,Westwood,11356104,0
1697 Suburban Ave,Pittsburgh,PA,15216,40.409787,-80.020015,MultiFamily2To4,2015,40000,1920,5240,2328,,0,14,12/14/11,43,40000,49469,-17479,42049,58868,21.25,864,9,613,1356,0.37,57.26,Beechview,11445566,1
5742 5th Ave APT 104,Pittsburgh,PA,15232,40.449846,-79.927995,Condominium,2015,322400,1980,2584,2584,2,3,5,4/1/89,315,235000,384529,-15749,361457,426827,148.81,2643,58,2114,3277,1.02,145.49,Squirrel Hill North,11629175,0
3929 Riddile St,Pittsburgh,PA,15212,40.485021,-80.040599,SingleFamily,2015,66000,1929,4488,1740,1,3,7,,,,131979,591,122740,142537,75.85,1093,-26,853,1432,0.63,120.75,Brighton Heights,11268772,2
635 Boggs Ave,Pittsburgh,PA,15211,40.420584,-80.010436,SingleFamily,2015,69000,1890,4777,1528,2,3,6,10/1/01,165,58700,91360,2050,81310,100496,59.79,1120,-33,818,1523,0.73,81.57,Mount Washington,11323965,0
6650 Landview Rd,Pittsburgh,PA,15217,40.421516,-79.920861,SingleFamily,2015,183800,1955,9012,1053,2.5,3,5,8/18/88,323,89000,215150,19817,202241,228059,204.32,1652,83,1156,2015,1.57,130.24,Squirrel Hill South,11639662,0
21 Carrie St,Pittsburgh,PA,15212,40.461488,-80.001624,SingleFamily,2015,43800,1900,5227,1632,1,3,6,,,,46048,2611,39601,51113,28.22,903,28,713,1210,0.55,50.99,Fine View,11387527,2
3935 Howley St,Pittsburgh,PA,15224,40.463612,-79.958353,SingleFamily,2015,54500,1900,1940,1256,1,2,6,11/17/95,236,14500,80758,7185,62184,99332,64.3,1131,84,758,1482,0.9,71.4,Lower Lawrenceville,11514617,0
137 46th St,Pittsburgh,PA,15201,40.474345,-79.960679,SingleFamily,2015,56400,1898,700,1200,2,2,5,1/12/07,102,13000,124163,7289,105539,140304,103.47,1227,19,994,1706,1.02,101.19,Central Lawrenceville,11613397,0
3261 Niagara Sq,Pittsburgh,PA,15213,40.43442,-79.959809,Condominium,2015,59700,1975,565,1080,1,1,3,,,,79392,15000,74628,84949,73.51,1144,36,789,1716,1.06,69.4,Oakland,11413317,2
1 Shadyside Ln,Pittsburgh,PA,15232,40.450918,-79.941749,SingleFamily,2015,380000,1927,7266,2500,3,3,6,,,,613947,-24761,583250,656923,245.58,3271,-45,2748,4252,1.31,187.69,Shadyside,11528318,2
22 Timberline Ct,Pittsburgh,PA,15217,40.422988,-79.925707,Condominium,2015,209800,1978,1646,1694,1.5,3,6,10/30/06,105,180000,277092,13531,257696,293718,163.57,1988,28,1571,2545,1.17,139.38,Squirrel Hill South,11639483,0
301 5th Ave UNIT 618,Pittsburgh,PA,15222,40.44091,-79.999633,Condominium,,,2010,,,2,2,,,,,400287,20605,364261,428307,,2130,-75,1129,2833,,187.93,Central Business District,2139385475,8
4539 Parnell St,Pittsburgh,PA,15207,40.416287,-79.941649,SingleFamily,2015,78000,1900,3049,1500,1,3,6,12/4/90,295,30000,110301,-2296,100374,119125,73.53,1118,18,872,1420,0.75,98.66,Hazelwood,11545383,0
1825 Arcena St # 2,Pittsburgh,PA,15219,40.447338,-79.984962,Condominium,,,2015,,,2,2,,,,,172156,,149776,192815,,1482,,993,1882,,116.16,Crawford Roberts,2105355370,10
1825 Arcena St # 3,Pittsburgh,PA,15219,40.447338,-79.984962,Condominium,,,2014,,,2,2,,,,,131896,,121344,143767,,1298,,805,1882,,101.61,Crawford Roberts,2111212852,10
1825 Arcena St # 1,Pittsburgh,PA,15219,40.447338,-79.984962,Condominium,,,2014,,,2,2,,,,,147563,,135758,160844,,1332,,866,1931,,110.78,Crawford Roberts,2111212854,10
5136 Holmes St,Pittsburgh,PA,15201,40.478293,-79.952128,SingleFamily,2015,62400,1900,3000,1596,2.5,4,7,2/11/08,89,2500,93709,-4820,77778,106828,58.71,1122,12,752,1537,0.7,83.52,Upper Lawrenceville,11612810,0
6016 Wellesley Ave,Pittsburgh,PA,15206,40.472206,-79.919093,SingleFamily,2015,251900,1935,4207,2470,4,4,9,6/23/83,385,88500,388089,-1462,364804,423017,157.12,2565,51,1744,3078,1.04,151.3,Highland Park,11620985,0
115 Gross St,Pittsburgh,PA,15224,40.464817,-79.944038,Townhouse,2015,173700,2009,930,1515,1.5,1,6,11/21/14,8,226000,236655,3780,215356,248488,156.21,1769,92,1132,2264,1.17,133.78,Bloomfield,104363430,0
6601 Darlington Rd,Pittsburgh,PA,15217,40.436278,-79.913159,SingleFamily,2015,250000,1930,6461,2350,3,5,8,3/4/75,484,41500,313883,-60838,279356,367243,133.57,2357,101,1626,2734,1,133.17,Squirrel Hill South,11289426,0
112 Washington Pl APT 12G,Pittsburgh,PA,15219,40.439298,-79.992824,Condominium,2015,116100,1967,938,938,1.5,1,4,10/31/14,9,150000,154068,2124,144824,161771,164.25,1278,-43,971,1738,1.36,120.55,Central Business District,11420456,0
141 Ulysses St,Pittsburgh,PA,15211,40.433699,-80.012039,SingleFamily,2015,126500,1985,1507,1382,2,2,5,7/24/09,72,145120,156099,8974,143611,167026,112.95,1332,-37,1185,1758,0.96,117.19,Mount Washington,11363447,0
1695 Biltmore Ln,Pittsburgh,PA,15217,40.418755,-79.920481,SingleFamily,2015,592400,2013,5298,3392,3.5,5,7,9/20/13,22,695731,749699,10876,674729,787184,221.02,3230,-132,2584,4425,0.95,232.1,Squirrel Hill South,121886682,0
4011 Beechwood Blvd,Pittsburgh,PA,15217,40.426999,-79.936718,SingleFamily,2015,122100,1955,3238,1480,2.5,3,6,7/2/04,132,123500,166937,7169,158590,175284,112.8,1477,20,1182,1817,1,113.02,Greenfield,11539905,0
325 Conniston Ave,Pittsburgh,PA,15210,40.406943,-79.99904,SingleFamily,2015,66700,1950,6000,875,1,3,6,8/12/14,11,38100,76357,-5888,69485,83993,87.27,880,10,739,1126,1.01,86.77,Bon Air,11436913,0
1126 Milan Ave,Pittsburgh,PA,15226,40.393619,-80.013477,SingleFamily,2015,62700,1925,3600,864,1,2,6,4/17/02,159,49900,76361,-3417,64907,89342,88.38,862,5,741,1129,1,88.59,Brookline,11648906,0
375.5 Main Street,Pittsburgh,PA,15201,40.465917,-79.95543,SingleFamily,,,,,,2,4,,,,,185726,,128151,250730,,1488,,744,2411,,124.82,Central Lawrenceville,2102039589,11
439 S Pacific Ave,Pittsburgh,PA,15224,40.458371,-79.940568,SingleFamily,2015,191200,1936,4119,2176,1.5,4,7,,,,247770,25265,225471,262636,113.86,1830,69,1446,2214,0.84,135.39,Bloomfield,11524967,2
1910 Spring Garden Ave,Pittsburgh,PA,15212,40.46898,-79.985778,SingleFamily,2015,34600,1910,3223,1760,1,3,4,1/31/08,90,22660,59032,-122,50177,68477,33.54,930,45,697,1395,0.53,63.48,Spring Garden,11511235,0
5600 Munhall Rd APT 1005,Pittsburgh,PA,15217,40.433138,-79.926194,Condominium,2015,139500,1975,1100,1100,2,2,5,,,,204423,1925,194202,214644,185.84,1545,-18,1190,2101,1.4,132.31,Squirrel Hill South,11631792,2
1420 Beechview Ave,Pittsburgh,PA,15216,40.413421,-80.025169,VacantResidentialLand,2015,55100,1925,3000,2631,1.5,0,7,12/23/13,19,2051,,,,,,1067,-9,747,1515,0.41,,Beechview,11444735,4
416 Iberia St,Pittsburgh,PA,15211,40.424223,-80.000206,SingleFamily,2015,51000,1926,2613,1202,1,3,6,7/31/87,336,38900,81241,-94,73117,87740,67.59,1260,14,932,1550,1.05,64.48,Mount Washington,11517027,0
173 Watson Blvd,Pittsburgh,PA,15214,40.482446,-80.010067,SingleFamily,2015,50800,1936,2063,968,1,2,5,3/3/06,112,57000,67766,2987,60312,73187,70.01,837,6,670,1272,0.86,80.96,Perry North,11271007,0
4 Lowen St,Pittsburgh,PA,15211,40.429635,-80.01244,SingleFamily,2015,74100,1910,2236,844,1.5,2,4,6/7/13,25,97000,101744,6355,92587,110901,120.55,1159,28,869,1634,1.37,87.79,Mount Washington,11515591,0
4118 Winterburn Ave,Pittsburgh,PA,15207,40.424562,-79.940058,SingleFamily,2015,76900,1931,2548,848,1,2,5,5/30/07,98,102500,118708,7840,112773,124643,139.99,1198,69,863,1521,1.41,99.09,Greenfield,11540346,0
140 Eiler Ave,Pittsburgh,PA,15210,40.391016,-79.983899,SingleFamily,2015,69900,1950,5200,1276,1.5,3,6,3/8/07,100,50000,68918,14675,63405,73742,54.01,871,3,758,1359,0.68,79.13,Carrick,11647622,0
3022 Merwyn Ave,Pittsburgh,PA,15204,40.457785,-80.052283,SingleFamily,2015,15500,1900,2500,1819,1,3,6,10/13/10,57,3750,48918,2206,39624,55277,26.89,837,34,670,1046,0.46,58.44,Sheraden,11482784,0
5922 Howe St APT 302,Pittsburgh,PA,15232,40.452696,-79.925589,Condominium,2015,282600,1890,1402,1402,2,2,4,1/23/06,114,160000,333747,-22953,307047,373797,238.05,2423,-44,1745,3005,1.73,137.74,Shadyside,11628808,0
224 Hallock St,Pittsburgh,PA,15211,40.434176,-80.018515,Townhouse,2015,142500,2007,2670,1536,2.5,3,6,5/9/08,86,249900,220528,14377,196270,242581,143.57,1743,-11,1482,2214,1.13,126.52,Duquesne Heights,87988964,0
426 Glen Arden Dr,Pittsburgh,PA,15208,40.448486,-79.912147,SingleFamily,2015,457100,1934,11900,3738,4,5,10,2/7/07,101,620000,741845,47530,697334,823448,198.46,3342,46,2473,4111,0.89,221.98,Point Breeze,11287486,0
535 Fordham Ave,Pittsburgh,PA,15226,40.393451,-80.025286,SingleFamily,2015,131400,1918,5311,2109,2,4,6,5/13/03,146,74500,145700,285,132587,158813,69.08,1430,99,844,1945,0.68,101.89,Brookline,11652712,0
1227 Brookline Blvd,Pittsburgh,PA,15226,40.392473,-80.011648,SingleFamily,2015,85800,1925,3150,1860,2,3,7,12/1/84,367,37500,105006,5770,97656,113406,56.45,1070,30,738,1455,0.58,98.14,Brookline,11649076,0
1929 Sidney St,Pittsburgh,PA,15203,40.429698,-79.977926,SingleFamily,2015,229700,1862,5000,2400,2,3,8,8/9/05,119,255000,376314,33603,319867,455340,156.8,2400,57,1920,3072,1,156.8,Southside Flats,11290824,0
234 Provost Rd,Pittsburgh,PA,15227,40.376227,-79.99434,SingleFamily,2015,80300,1931,3920,1320,2.5,3,6,11/5/10,56,78900,82900,1446,74610,91190,62.8,1081,-24,778,1492,0.82,76.69,Overbrook,11306299,0
1231 Love St,Pittsburgh,PA,15218,40.420531,-79.903094,SingleFamily,2015,120000,1952,5000,990,1.5,2,,5/2/11,50,124900,,,,,,1212,4,873,1745,1.22,,Swisshelm Park,11290360,5
5600 Munhall Rd APT 1005,Pittsburgh,PA,15217,40.433138,-79.926194,Condominium,2015,139500,1975,1100,1100,2,2,5,,,,204423,1925,194202,214644,185.84,1545,-18,1190,2101,1.4,132.31,Squirrel Hill South,11631792,2
1420 Beechview Ave,Pittsburgh,PA,15216,40.413421,-80.025169,VacantResidentialLand,2015,55100,1925,3000,2631,1.5,0,7,12/23/13,19,2051,,,,,,1067,-9,747,1515,0.41,,Beechview,11444735,4
416 Iberia St,Pittsburgh,PA,15211,40.424223,-80.000206,SingleFamily,2015,51000,1926,2613,1202,1,3,6,7/31/87,336,38900,81241,-94,73117,87740,67.59,1260,14,932,1550,1.05,64.48,Mount Washington,11517027,0
4 Lowen St,Pittsburgh,PA,15211,40.429635,-80.01244,SingleFamily,2015,74100,1910,2236,844,1.5,2,4,6/7/13,25,97000,101744,6355,92587,110901,120.55,1159,28,869,1634,1.37,87.79,Mount Washington,11515591,0
173 Watson Blvd,Pittsburgh,PA,15214,40.482446,-80.010067,SingleFamily,2015,50800,1936,2063,968,1,2,5,3/3/06,112,57000,67766,2987,60312,73187,70.01,837,6,670,1272,0.86,80.96,Perry North,11271007,0
4118 Winterburn Ave,Pittsburgh,PA,15207,40.424562,-79.940058,SingleFamily,2015,76900,1931,2548,848,1,2,5,5/30/07,98,102500,118708,7840,112773,124643,139.99,1198,69,863,1521,1.41,99.09,Greenfield,11540346,0
5922 Howe St APT 302,Pittsburgh,PA,15232,40.452696,-79.925589,Condominium,2015,282600,1890,1402,1402,2,2,4,1/23/06,114,160000,333747,-22953,307047,373797,238.05,2423,-44,1745,3005,1.73,137.74,Shadyside,11628808,0
140 Eiler Ave,Pittsburgh,PA,15210,40.391016,-79.983899,SingleFamily,2015,69900,1950,5200,1276,1.5,3,6,3/8/07,100,50000,68918,14675,63405,73742,54.01,871,3,758,1359,0.68,79.13,Carrick,11647622,0
3022 Merwyn Ave,Pittsburgh,PA,15204,40.457785,-80.052283,SingleFamily,2015,15500,1900,2500,1819,1,3,6,10/13/10,57,3750,48918,2206,39624,55277,26.89,837,34,670,1046,0.46,58.44,Sheraden,11482784,0
224 Hallock St,Pittsburgh,PA,15211,40.434176,-80.018515,Townhouse,2015,142500,2007,2670,1536,2.5,3,6,5/9/08,86,249900,220528,14377,196270,242581,143.57,1743,-11,1482,2214,1.13,126.52,Duquesne Heights,87988964,0
426 Glen Arden Dr,Pittsburgh,PA,15208,40.448486,-79.912147,SingleFamily,2015,457100,1934,11900,3738,4,5,10,2/7/07,101,620000,741845,47530,697334,823448,198.46,3342,46,2473,4111,0.89,221.98,Point Breeze,11287486,0
535 Fordham Ave,Pittsburgh,PA,15226,40.393451,-80.025286,SingleFamily,2015,131400,1918,5311,2109,2,4,6,5/13/03,146,74500,145700,285,132587,158813,69.08,1430,99,844,1945,0.68,101.89,Brookline,11652712,0
1227 Brookline Blvd,Pittsburgh,PA,15226,40.392473,-80.011648,SingleFamily,2015,85800,1925,3150,1860,2,3,7,12/1/84,367,37500,105006,5770,97656,113406,56.45,1070,30,738,1455,0.58,98.14,Brookline,11649076,0
1929 Sidney St,Pittsburgh,PA,15203,40.429698,-79.977926,SingleFamily,2015,229700,1862,5000,2400,2,3,8,8/9/05,119,255000,376314,33603,319867,455340,156.8,2400,57,1920,3072,1,156.8,Southside Flats,11290824,0
234 Provost Rd,Pittsburgh,PA,15227,40.376227,-79.99434,SingleFamily,2015,80300,1931,3920,1320,2.5,3,6,11/5/10,56,78900,82900,1446,74610,91190,62.8,1081,-24,778,1492,0.82,76.69,Overbrook,11306299,0
1231 Love St,Pittsburgh,PA,15218,40.420531,-79.903094,SingleFamily,2015,120000,1952,5000,990,1.5,2,,5/2/11,50,124900,,,,,,1212,4,873,1745,1.22,,Swisshelm Park,11290360,5
375 Lehigh Ave,Pittsburgh,PA,15232,40.455004,-79.926158,MultiFamily2To4,2015,303400,1910,3000,2004,2,2,12,12/4/06,103,178000,381840,-23575,355111,423842,190.54,2189,15,1467,3524,1.09,174.44,Shadyside,11625531,0
143 Conover Rd,Pittsburgh,PA,15208,40.453125,-79.911706,SingleFamily,2015,228300,1938,6000,1939,3.5,4,7,,,,359139,-22449,330408,395053,185.22,2474,7,1534,2919,1.28,145.17,Point Breeze,11286374,2
Wittmer St,Pittsburgh,PA,15212,40.48712,-80.04294,SingleFamily,,,,,1578,2,2,,,,,146850,,102795,193842,93.06,1200,,900,1644,0.76,122.38,Brighton Heights,2101965573,10
7223 Penn Ave,Pittsburgh,PA,15208,40.449139,-79.900415,SingleFamily,2015,129800,1930,4520,2025,1.5,4,7,3/21/08,88,2901,211575,25494,200996,222154,104.48,1574,146,1149,1999,0.78,134.42,Point Breeze North,11287810,0
811 Shadycrest Rd,Pittsburgh,PA,15216,40.423227,-80.025099,SingleFamily,2015,84800,1950,6271,1200,2,3,7,12/8/11,43,108000,114568,6646,101966,121442,95.47,1209,10,870,1644,1.01,94.76,Beechview,11335414,0
321 Mckinley St,Pittsburgh,PA,15210,40.409892,-79.994207,SingleFamily,2015,45400,1922,2945,1596,1,5,6,9/22/04,130,50000,55542,6779,49432,61096,34.8,867,13,754,1205,0.54,64.06,Knoxville,11436442,0
628 S Aiken Ave,Pittsburgh,PA,15232,40.451782,-79.936567,SingleFamily,2015,557000,1895,6805,3996,2.5,4,9,7/9/99,192,335000,790269,11770,750756,829782,197.77,3371,2,2596,4955,0.84,234.43,Shadyside,11528792,0
4407 Butler St,Pittsburgh,PA,15201,40.471828,-79.959861,SingleFamily,,,,,6000,,0,,,,,517137,,455081,615393,86.19,1439,,907,2561,0.24,359.37,Central Lawrenceville,2102099419,11
3400 Webster Ave,Pittsburgh,PA,15219,40.454852,-79.961604,SingleFamily,2015,50900,1920,8254,2628,3,5,8,12/16/04,127,6054,92410,-1498,68383,116437,35.16,1081,25,746,1719,0.41,85.49,Upper Hill,11403552,0
405 Fernhill Ave,Pittsburgh,PA,15226,40.401167,-80.01421,SingleFamily,2015,101000,1940,6000,2063,2.5,4,7,5/5/05,122,87500,135550,2998,123351,146394,65.71,1209,24,762,1814,0.59,112.12,Brookline,11562146,0
121 S Lexington Ave,Pittsburgh,PA,15208,40.447842,-79.899453,SingleFamily,2015,405900,1915,11565,2906,3.5,5,10,7/15/08,84,410000,537286,-2540,483557,585642,184.89,3296,36,2538,4054,1.13,163.01,Point Breeze,11287805,0
5407 Friendship Ave,Pittsburgh,PA,15232,40.462076,-79.936933,SingleFamily,2015,199000,1904,3999,2975,3,6,13,6/23/09,73,185000,340625,8205,299750,371281,114.5,1839,-49,1306,3310,0.62,185.22,Bloomfield,11524485,0
630 Hastings St,Pittsburgh,PA,15206,40.447627,-79.916593,Condominium,2015,173400,1900,2304,1594,1.5,3,6,6/15/10,61,187500,266199,-13786,236917,300805,167,2087,71,1670,2650,1.31,127.55,Point Breeze,11629596,0
350 Spahr St,Pittsburgh,PA,15232,40.455761,-79.927896,SingleFamily,2015,200000,1900,2492,1753,1.5,3,6,6/20/02,157,165000,323752,1571,304327,346415,184.68,2168,32,1561,2775,1.24,149.33,Shadyside,11625070,0
822 Jancey St,Pittsburgh,PA,15206,40.474361,-79.931091,SingleFamily,2015,87200,1919,4004,1643,1,3,6,6/16/14,13,50000,129446,13728,117796,135918,78.79,1158,27,926,1540,0.7,111.78,Morningside,11620606,0
1413 Morningside Ave,Pittsburgh,PA,15206,40.481762,-79.930285,SingleFamily,2015,175000,1925,3300,1600,2,4,7,9/10/12,34,175000,177549,14850,159794,189977,110.97,1502,125,1187,1878,0.94,118.21,Morningside,11619447,0
5222 Dresden Way,Pittsburgh,PA,15201,40.480632,-79.953487,SingleFamily,2015,44400,1900,1120,1172,1,2,4,,,,72710,-5353,55987,87979,62.04,1076,21,721,1528,0.92,67.57,Upper Lawrenceville,11612514,2
1007-1009 Tweed St,Sheraden,PA,15204,40.4562,-80.0624,MultiFamily2To4,,,1920,38,,1,2,,,,,75586,-6637,61981,90703,,786,,652,1187,,96.17,Sheraden,2102118480,8
2147 Fairland St,Pittsburgh,PA,15210,40.389872,-79.994414,SingleFamily,2015,72200,1926,3750,1144,2,3,6,6/2/09,73,82900,96768,8348,89027,102574,84.59,1059,27,752,1271,0.93,91.38,Overbrook,11647431,0
5825 5th Ave APT 315,Pittsburgh,PA,15232,40.451541,-79.926275,Condominium,2015,167000,1968,1270,1270,2,2,5,10/16/12,33,167000,215872,4485,205078,226666,169.98,1722,75,1360,2359,1.36,125.36,Shadyside,11628947,0
647 Rising Main Ave,Pittsburgh,PA,15212,40.46433,-80.001017,SingleFamily,2015,50000,1913,2400,1796,2,3,5,11/9/87,332,16000,56735,-6888,52196,64111,31.59,989,-10,781,1484,0.55,57.37,Fine View,11506252,0
5927 Howe St APT B3,Pittsburgh,PA,15232,40.453201,-79.925623,Condominium,2015,117800,1898,725,722,1,1,2,4/28/04,135,34000,151218,-43,140633,163315,209.44,1229,10,873,1635,1.7,123.04,Shadyside,11625410,0
2700 -2702 Norwood Ave # 2702,Pittsburgh,PA,15214,40.472541,-80.013275,SingleFamily,,,1920,2613,1944,2,4,,,,,,,,,,,,,,,,Perry South,2102124131,16
301 5th Ave APT 509,Pittsburgh,PA,15222,40.44091,-79.999633,Condominium,2015,302400,2008,1054,1054,1,1,3,4/29/09,75,349781,426551,-15999,400958,452144,404.7,1923,-24,1077,3077,1.82,221.82,Central Business District,92380541,0
5559 Hampton St,Pittsburgh,PA,15206,40.476168,-79.925778,SingleFamily,2015,312900,1920,7950,4114,3.5,6,8,11/10/98,200,177000,434728,-6266,399950,465159,105.67,2714,47,1493,3447,0.66,160.18,Highland Park,11620271,0
3840 Windgap Ave,Pittsburgh,PA,15204,40.458994,-80.077679,SingleFamily,2015,51000,1955,5200,992,1,3,5,,,,68596,10487,62422,75456,69.15,859,14,696,1177,0.87,79.86,Wind Gap,11592322,2
7044 Edgerton Ave,Pittsburgh,PA,15208,40.446212,-79.906807,SingleFamily,2015,193700,1925,5250,1312,1,3,7,3/21/12,40,164000,251975,-5592,236856,267094,192.05,1830,-36,1537,2233,1.39,137.69,Point Breeze,11288145,0
40 Bascom Ave,Pittsburgh,PA,15214,40.493588,-80.023064,SingleFamily,2015,85100,1930,4067,1700,1.5,3,7,,,,97872,-9972,89064,105702,57.57,1039,-4,810,1413,0.61,94.2,Perry North,11327984,2
232 45th St,Pittsburgh,PA,15201,40.471306,-79.958516,SingleFamily,2015,145000,1900,1819,1911,2.5,2,5,8/4/11,47,145000,207468,13703,195020,221991,108.57,1588,59,1286,1969,0.83,130.65,Central Lawrenceville,11512903,0
1101 Premier St,Pittsburgh,PA,15201,40.483383,-79.939831,SingleFamily,2015,111800,1940,3000,1204,2,3,6,5/11/12,38,110000,133414,3275,125409,140085,110.81,1238,-19,1089,1486,1.03,107.77,Stanton Heights,11275726,0
732 Maryland Ave,Pittsburgh,PA,15232,40.453052,-79.929389,SingleFamily,2015,262500,1903,4500,2402,2.5,4,10,8/13/03,143,147500,637603,103530,599347,669483,265.45,2587,41,2070,3415,1.08,246.46,Shadyside,11625282,0
528 Hastings St,Pittsburgh,PA,15206,40.448699,-79.915604,SingleFamily,2015,217300,1897,2400,1640,1.5,4,6,6/6/13,25,279000,282752,12039,248822,302545,172.41,2138,60,1710,2737,1.3,132.25,Point Breeze,11287530,0
2355 Rose Garden Rd,Pittsburgh,PA,15220,40.407275,-80.043166,SingleFamily,2015,121500,1955,7200,1784,2,4,8,,,,157916,2758,150020,168970,88.52,1287,71,811,1737,0.72,122.7,Banksville,11453187,2
141 45th St,Pittsburgh,PA,15201,40.473496,-79.961121,SingleFamily,,,,,,4,3,,,,,154919,,105345,202944,,1439,,935,2043,,107.66,Central Lawrenceville,2102141271,11
1672 Perrysville Ave,Pittsburgh,PA,15212,40.461021,-80.009406,SingleFamily,2012,31900,1900,1140,1008,1,1,6,3/25/98,208,26000,48419,0,41156,57619,48.03,880,-5,642,1223,0.87,55.02,Perry South,11387342,0
311 S Evaline St,Pittsburgh,PA,15224,40.461797,-79.941318,SingleFamily,2015,180000,1890,3638,2910,3.5,4,8,10/24/14,9,189000,357177,23181,335746,375036,122.74,2319,146,1716,2783,0.8,154.02,Bloomfield,11524321,0
2128 Pauline Ave,Pittsburgh,PA,15216,40.405093,-80.026685,SingleFamily,2015,77600,1932,2912,1969,2,4,6,,,,90873,-4113,82694,100869,46.15,1010,95,697,1333,0.51,89.97,Beechview,11446107,2
320 Fort Duquesne Blvd # 24BC,Pittsburgh,PA,15222,40.442485,-80.006935,Condominium,,,1964,,,3,2,,,,,246161,,226468,270777,,2124,,1126,2613,,115.9,Central Business District,2102146465,10
5025 5th Ave APT 3B,Shadyside,PA,15232,40.44836,-79.942092,Condominium,,,1951,,,2,3,,,,,293095,,263786,310681,,2198,,1912,2638,,133.35,Shadyside,2102146464,10
5124 Holyrood Rd,Pittsburgh,PA,15213,40.445385,-79.938386,SingleFamily,2015,437700,1950,12707,2463,4,4,7,5/19/99,194,356000,638659,-1991,593953,689752,259.3,3386,44,2573,4165,1.37,188.62,Squirrel Hill North,11529694,0
203 N Woodland Rd,Pittsburgh,PA,15232,40.451202,-79.92411,SingleFamily,2015,296400,1991,1833,2228,3,2,6,5/18/04,134,469000,607730,48204,571266,644194,272.77,2797,19,1874,3608,1.26,217.28,Squirrel Hill North,11629014,0
408 Zara St,Pittsburgh,PA,15210,40.415502,-79.995637,VacantResidentialLand,2010,5300,1911,5227,2816,,0,8,,,,,,,,,910,-7,601,1383,0.32,,Knoxville,11316741,7
4239 Upview Ter,Pittsburgh,PA,15201,40.478906,-79.945448,SingleFamily,2015,95000,1954,4284,1330,1.5,3,6,4/19/78,447,42000,168204,18635,151384,176614,126.47,1247,24,960,1534,0.94,134.89,Stanton Heights,11615370,0
524 Bellaire Ave,Pittsburgh,PA,15226,40.396543,-80.022646,Condominium,2015,70300,1935,3522,1064,1,2,5,6/15/07,97,71000,97616,6286,89807,103473,91.74,974,57,789,1266,0.92,100.22,Brookline,11566745,0
1621 Mcelhinny Ave,Pittsburgh,PA,15207,40.365908,-79.908193,SingleFamily,2015,79500,1952,4740,975,1.5,3,6,,,,74146,7947,64507,83044,76.05,873,3,751,1283,0.9,84.93,Lincoln Place,11352217,2
1125 Penn Ave # $15.00/SF,Pittsburgh,PA,15222,40.445499,-79.993263,SingleFamily,,,,,7800,,0,,,,,1395445,,1032629,1897805,178.9,1672,,1137,2876,0.21,834.6,Strip District,2102164146,11
415 Charles St,Pittsburgh,PA,15210,40.416636,-79.996268,MultiFamily2To4,2015,37700,1902,3750,2306,2,0,14,10/30/06,105,27700,71839,-1214,62500,79741,31.15,849,52,620,1367,0.37,84.62,Knoxville,11316041,0
314 Virginia Ave,Mount Washington,PA,15211,40.431486,-80.011324,SingleFamily,2015,53800,1915,3244,960,1,2,6,3/18/05,124,22000,81863,1959,68765,90868,85.27,1079,27,723,1349,1.12,75.87,Mount Washington,11515369,0
618 S Negley Ave,Pittsburgh,PA,15232,40.453979,-79.932801,SingleFamily,2015,327100,1910,1667,2018,2,2,5,9/17/07,94,397000,441320,-1267,410428,463386,218.69,2698,25,2239,3373,1.34,163.57,Shadyside,11625259,0
4243 Parkman Ave,Pittsburgh,PA,15213,40.448255,-79.957411,SingleFamily,2015,375400,1930,6921,2876,3.5,5,8,6/2/00,181,255000,596761,8529,566923,644502,207.5,3284,5,2529,3612,1.14,181.72,North Oakland,11407518,0
5847 Nicholson St,Pittsburgh,PA,15217,40.431766,-79.921158,MultiFamily2To4,2015,181000,1916,3504,2699,3,4,13,11/1/13,20,250000,298980,13327,272072,319909,110.77,1492,-60,1209,1984,0.55,200.39,Squirrel Hill South,11634908,0
715 Brookline Blvd,Pittsburgh,PA,15226,40.394727,-80.020834,MultiFamily2To4,2015,114000,1930,3600,2560,1,3,14,12/15/00,175,63863,134315,460,119540,147746,52.47,974,61,692,1383,0.38,137.9,Brookline,11566717,0
216 38th St,Pittsburgh,PA,15201,40.466335,-79.963996,VacantResidentialLand,,,,1611,,,0,,,,,,,,,,739,,628,1109,,,Lower Lawrenceville,2102183795,14
252 Sebring Ave,Pittsburgh,PA,15216,40.412774,-80.014979,SingleFamily,2015,51900,1960,3000,672,1,3,5,3/8/07,100,85000,77802,-280,70800,85582,115.78,894,47,760,1144,1.33,87.03,Beechview,11439937,0
921 N Saint Clair St,Pittsburgh,PA,15206,40.472675,-79.923133,MultiFamily2To4,2015,76500,1920,3880,2464,3,6,12,12/12/13,19,65100,173349,-25475,128278,214953,70.35,930,-21,716,1553,0.38,186.4,Highland Park,11620971,0
255 Homestead St,Pittsburgh,PA,15218,40.422373,-79.898707,SingleFamily,2015,129000,1900,7200,1650,1.5,2,5,9/6/06,106,113500,156543,-10302,147150,170632,94.87,1426,96,1098,1711,0.86,109.78,Swisshelm Park,11345098,0
812 Grandview Ave APT 3B,Pittsburgh,PA,15211,40.43629,-80.014724,Condominium,2015,712700,1980,2444,2444,4.5,3,6,7/10/85,360,12000,802340,-3885,746176,858504,328.29,3532,114,2543,4521,1.45,227.16,Mount Washington,11363312,0
5818 Hays St,Pittsburgh,PA,15206,40.468206,-79.92329,SingleFamily,2015,47900,1900,3100,2597,3.5,5,10,8/27/13,23,51500,132205,11456,107086,152036,50.91,978,83,616,1584,0.38,135.18,East Liberty,11623008,0
1331 Liverpool St,Pittsburgh,PA,15233,40.454909,-80.026269,MultiFamily2To4,2015,180100,1900,3049,3392,3.5,4,11,4/9/03,147,174000,266121,-17361,204913,298056,78.46,1300,122,689,1820,0.38,204.71,Manchester,11376338,0
5613 Howe St,Pittsburgh,PA,15232,40.45122,-79.931299,SingleFamily,2015,442600,1913,4869,3054,3.5,4,10,11/5/01,164,496700,655560,44127,609671,747338,214.66,3252,140,2504,4000,1.06,201.59,Shadyside,11628585,0
200 Pinecastle Ave,Pittsburgh,PA,15234,40.382514,-79.999301,SingleFamily,2015,102000,1972,5063,1276,1.5,4,7,6/25/04,133,85000,113462,6664,105520,121404,88.92,1159,59,811,1518,0.91,97.9,Overbrook,11305552,0
144 N Dithridge St APT 611,Pittsburgh,PA,15213,40.448247,-79.951144,Condominium,2015,151400,1940,2045,2045,2.5,3,5,11/22/99,188,145000,215495,10260,193946,232735,105.38,1736,45,1267,2257,0.85,124.13,North Oakland,11407728,0
616 Woodbourne Ave,Pittsburgh,PA,15226,40.393676,-80.023609,SingleFamily,2015,103200,1948,3600,1144,1,3,6,3/11/11,52,75000,95775,-4248,85240,107268,83.72,1096,-15,855,1392,0.96,87.39,Brookline,11652775,0
765 College Ave APT 306,Pittsburgh,PA,15232,40.453899,-79.927073,Condominium,,,1935,,,2,2,,,,,214620,-133,201743,225351,,1603,34,994,2244,,133.89,Shadyside,2141922266,8
5711 Howe St,Shadyside,PA,15232,40.451447,-79.930298,SingleFamily,,,,9147,,,0,,,,,532366,3066,489777,617545,,1610,-30,837,2367,,330.66,Shadyside,2112168929,9
2908 Smallman St,Pittsburgh,PA,15201,40.458599,-79.974411,SingleFamily,,,,,,,0,,,,,443273,-5911,412244,478735,,1544,21,772,2270,,287.09,Strip District,2122689950,10
5235 Gertrude St,Pittsburgh,PA,15207,40.405279,-79.941334,SingleFamily,2015,52000,1920,3450,2405,1,5,6,,,,74366,402,68417,81059,30.92,895,8,797,1289,0.37,83.09,Hazelwood,11550895,2
1218 Windermere Dr,Pittsburgh,PA,15218,40.422888,-79.902697,SingleFamily,2015,246200,1952,6900,1948,2.5,4,9,,,,315957,-2217,300159,331755,162.2,2362,66,1394,2882,1.21,133.77,Swisshelm Park,11290111,2
1605 Fallowfield Ave,Pittsburgh,PA,15216,40.410336,-80.02345,SingleFamily,2015,50000,1921,3000,1065,1,2,5,11/29/99,188,43200,69717,-31,59259,78780,65.46,874,26,734,1162,0.82,79.77,Beechview,11445526,0
353 S Highland Ave,Pittsburgh,PA,15206,40.455575,-79.924935,SingleFamily,2015,383800,1900,5250,2561,2.5,3,7,6/8/11,49,480000,492392,34544,453001,531783,192.27,2897,26,2549,3534,1.13,169.97,Shadyside,11624992,0
5805 5th Ave,Shadyside,PA,15232,40.450859,-79.92733,SingleFamily,,,1921,,,2.5,2,,,,,489691,29681,465206,514176,,2494,-10,1796,2893,,196.35,Shadyside,2113012601,8
109 Cedarbrook Dr,Pittsburgh,PA,15220,40.441605,-80.048845,SingleFamily,2015,101300,1966,6095,1244,2.5,3,7,10/20/76,465,44000,138824,-3581,131883,147153,111.59,1263,28,909,1692,1.02,109.92,Crafton Heights,11362093,0
46-48 Laclede St,Mt Washington,PA,15211,40.425029,-80.003318,MultiFamily2To4,,,1925,,,,0,,,,,75894,-149,62233,87278,,866,46,598,1204,,87.64,Mount Washington,2102239200,9
407 Merritt Ave,Pittsburgh,PA,15227,40.383482,-79.987301,SingleFamily,2015,49400,1927,3348,1276,1.5,3,6,2/28/13,29,25000,69665,-772,61305,77328,54.6,927,7,760,1363,0.73,75.15,Overbrook,11305671,0
110 Schenley Rd,Pittsburgh,PA,15217,40.439745,-79.937823,Condominium,2015,449400,1985,3604,2204,2.5,3,7,5/17/88,326,320000,630535,14046,599008,662062,286.09,3183,-88,2769,4361,1.44,198.09,Squirrel Hill North,11533992,0
211 Bailey Ave,Pittsburgh,PA,15211,40.427142,-80.002885,SingleFamily,2015,268000,1950,2066,2243,2.5,4,8,11/29/10,56,299000,378357,-2113,359439,397275,168.68,2670,58,2083,3204,1.19,141.71,Mount Washington,92380806,0
511 Brinwood Ave,Pittsburgh,PA,15227,40.393166,-79.978774,SingleFamily,2015,77700,1960,17520,1288,1.5,3,7,,,,98325,7404,88493,106191,76.34,1020,60,724,1275,0.79,96.4,Carrick,11644930,2
5731 Northumberland St,Pittsburgh,PA,15217,40.441579,-79.924301,SingleFamily,2015,363900,1907,4899,2919,3.5,5,8,3/21/11,52,355000,512289,17039,486675,537903,175.5,3049,42,2561,3659,1.04,168.02,Squirrel Hill North,11630824,0
5570 Centre Ave APT 101,Pittsburgh,PA,15232,40.455936,-79.934722,Condominium,2015,229800,2006,1308,1308,2,2,4,6/6/08,85,273000,334065,7487,314021,350768,255.4,2265,-5,1721,2809,1.73,147.49,Shadyside,87802108,0
2321 Potomac Ave,Pittsburgh,PA,15216,40.40534,-80.043868,SingleFamily,2015,75000,1900,65340,1392,1,2,6,3/9/06,112,65000,103403,-8775,88927,118913,74.28,1159,38,823,1391,0.83,89.22,Banksville,11453441,0
6417 Stanton Ave,Pittsburgh,PA,15206,40.469534,-79.912671,SingleFamily,2015,72900,1925,2805,1080,1,3,5,10/20/09,69,79000,124786,2002,102325,138512,115.54,1186,15,889,1483,1.1,105.22,Highland Park,11284239,0
1320 Milan Ave,Pittsburgh,PA,15226,40.393633,-80.009575,SingleFamily,2015,83800,1955,4444,1242,1.5,2,6,6/20/06,109,90000,101689,2232,95588,109824,81.88,1080,45,745,1296,0.87,94.16,Brookline,11649142,0
3760 & 3772 Colby St,Summer Hill,PA,15214,40.489654,-80.006721,SingleFamily,,,1950,65340,,1,3,,,,,136089,-1726,126563,142893,,1136,-43,829,1488,,119.8,Summer Hill,2102261077,7
6621 Darlington Rd,Pittsburgh,PA,15217,40.435904,-79.912567,SingleFamily,2015,374900,1920,5251,2352,3,5,9,5/2/03,146,349000,476264,23429,438163,500077,202.49,2665,-124,2399,3624,1.13,178.71,Squirrel Hill South,11289423,0
2926 Arlington Ave,Pittsburgh,PA,15210,40.417009,-79.966531,SingleFamily,2015,38500,1890,7510,1986,2,3,6,,,,60564,-24,52085,67832,30.5,917,-30,761,1467,0.46,66.05,Arlington,11308743,2
1788 Perrysville Ave,Pittsburgh,PA,15212,40.460419,-80.012653,SingleFamily,2015,34800,1920,3232,1154,1.5,2,5,1/3/84,378,11500,67157,4510,49025,83946,58.19,921,33,709,1225,0.8,72.92,Perry South,11387300,0
6327 Crombie St,Pittsburgh,PA,15217,40.4312,-79.916806,MultiFamily2To4,2015,150000,1920,2500,2003,,0,9,1/31/03,150,105000,264453,3093,245941,290898,132.03,1428,125,1014,1999,0.71,185.19,Squirrel Hill South,11635060,1
332 Winders,Greenfield,PA,15207,40.418857,-79.942359,SingleFamily,,,1940,,,2,3,,,,,190737,4299,158312,211718,,1350,10,810,2120,,141.29,Hazelwood,2102271336,8
1661 Jancey St,Pittsburgh,PA,15206,40.484232,-79.928455,SingleFamily,2015,50000,1930,1600,1080,1,2,5,4/2/03,147,25000,75480,13159,66422,83783,69.89,933,60,681,1269,0.86,80.9,Morningside,11278709,0
1219 Stock St,Pittsburgh,PA,15207,40.36608,-79.915112,SingleFamily,2015,60600,2001,4500,1352,2,3,6,6/5/07,97,80000,79272,6404,72138,86406,58.63,890,7,730,1237,0.66,89.07,Lincoln Place,11352138,0
5504 Howe St,Pittsburgh,PA,15232,40.450166,-79.933022,SingleFamily,2015,459900,1920,2424,3441,3,4,8,9/29/10,58,498462,639367,-2268,607399,671335,185.81,3107,102,2392,3822,0.9,205.78,Shadyside,11529355,0
6512 Martha St,Pittsburgh,PA,15206,40.486583,-79.930602,SingleFamily,2015,125500,1951,3733,1680,2,4,9,9/2/04,130,127000,156523,12487,144001,165914,93.17,1173,27,680,1666,0.7,133.44,Stanton Heights,11278275,0
119 Fitler St,Pittsburgh,PA,15210,40.417038,-79.970231,SingleFamily,2015,35700,1910,4000,1606,1,3,6,10/14/75,477,14700,48919,-196,42070,53322,30.46,903,-7,804,1156,0.56,54.17,Arlington,11308677,0
1022 Lapish Rd,Pittsburgh,PA,15212,40.487702,-80.030126,SingleFamily,2015,112300,1900,8721,2123,3.5,3,6,2/1/05,125,180000,187243,18122,162901,205967,88.2,1374,83,852,1800,0.65,136.28,Brighton Heights,11269762,0
618 Mellon St,Pittsburgh,PA,15206,40.469034,-79.925865,SingleFamily,2015,25000,1910,3240,2210,3,5,10,,,,107684,6721,86147,124913,48.73,909,82,600,1545,0.41,118.46,East Liberty,11622821,2
147 Labelle St,Pittsburgh,PA,15211,40.434903,-80.015633,SingleFamily,2015,62800,1925,2880,1020,1,3,6,,,,99051,4539,79241,113909,97.11,1167,-16,864,1587,1.14,84.88,Mount Washington,11363453,2
1025 Smithton Ave,Pittsburgh,PA,15212,40.473932,-80.025917,SingleFamily,2015,41800,1891,10693,952,1,2,5,4/16/12,39,1000,54361,476,49469,58710,57.1,823,0,716,1235,0.86,66.05,Marshall - Shadeland,11606390,0
916 Rossmore Ave,Pittsburgh,PA,15226,40.393804,-80.017323,SingleFamily,2015,110500,1929,3300,2184,1,4,6,11/14/14,8,46000,138313,3155,128631,146612,63.33,1184,35,876,1598,0.54,116.82,Brookline,11653026,0
38 Perryview Ave,Pittsburgh,PA,15214,40.494641,-80.023019,SingleFamily,2015,95400,1930,5600,1716,1.5,3,6,,,,115109,-10648,105900,124318,67.08,1162,-8,825,1638,0.68,99.06,Perry North,11327756,2
1233 Colescott St,Pittsburgh,PA,15205,40.434719,-80.048139,SingleFamily,2015,104800,1955,4680,1150,1.5,4,9,6/28/10,61,115000,128427,-1216,115584,134848,111.68,1187,30,748,1579,1.03,108.19,Westwood,11362727,0
1223 Itin St,Pittsburgh,PA,15212,40.462044,-79.991242,SingleFamily,2015,26100,1900,2266,1696,2,4,8,,,,55281,-1852,45883,63020,32.59,930,-15,688,1460,0.55,59.44,Spring Hill - City View,11394458,2
260 42nd St # 3,Pittsburgh,PA,15201,40.468872,-79.958511,Condominium,,,,,,1,1,,,,,,,,,,,,,,,,Central Lawrenceville,2102302868,19
260 42nd St # 4,Pittsburgh,PA,15201,40.468872,-79.958511,Condominium,,,,,,1,2,,,,,270942,14824,214044,357643,,1113,-60,779,1480,,243.43,Central Lawrenceville,2102302867,9
701 N Saint Clair St,Pittsburgh,PA,15206,40.469254,-79.92523,SingleFamily,2015,142500,1929,3929,3091,2,5,9,5/2/94,254,54000,164811,3982,146682,194477,53.32,1109,108,732,1453,0.36,148.61,East Liberty,11622858,0
46 W Mcintyre Ave,Pittsburgh,PA,15214,40.468852,-80.011054,SingleFamily,2015,33100,1940,3143,880,1,3,6,3/4/93,268,33000,51132,5437,44485,55734,58.1,818,-12,720,1284,0.93,62.51,Perry South,11505429,0
1245 Island Ave,Pittsburgh,PA,15212,40.46282,-80.026683,SingleFamily,2015,47500,1939,1545,1071,2,2,6,6/28/93,265,29000,58817,9479,51759,65875,54.92,981,24,706,1305,0.92,59.96,California-Kirkbride,11499368,0
300 N Woodland Rd APT 2A,Shadyside,PA,15232,40.451198,-79.923027,Condominium,,,,,,3,3,,,,,694954,46265,583761,820046,,2576,-26,1700,3040,,269.78,Squirrel Hill North,2102302864,9
46 W Mcintyre Ave,Pittsburgh,PA,15214,40.468852,-80.011054,SingleFamily,2015,33100,1940,3143,880,1,3,6,3/4/93,268,33000,51132,5437,44485,55734,58.1,818,-12,720,1284,0.93,62.51,Perry South,11505429,0
260 42nd St # 3,Pittsburgh,PA,15201,40.468872,-79.958511,Condominium,,,,,,1,1,,,,,,,,,,,,,,,,Central Lawrenceville,2102302868,19
3008 Marshall Rd,Pittsburgh,PA,15214,40.476236,-80.015245,SingleFamily,2015,69800,1925,4919,1776,1,3,6,3/30/11,52,24900,134283,9367,124883,145026,75.61,1134,-25,953,1542,0.64,118.42,Perry North,11609812,0
6731 Reynolds St,Pittsburgh,PA,15206,40.450723,-79.914273,SingleFamily,2015,165800,1908,2616,1620,2.5,3,6,7/25/12,36,257000,348563,1029,303250,376448,215.16,2201,212,1651,2553,1.36,158.37,Point Breeze,11287065,0
625 Herschel St,Pittsburgh,PA,15220,40.437924,-80.0411,SingleFamily,2015,86000,1944,5060,2109,2,3,5,,,,92410,-221,73004,109044,43.82,1142,34,788,1690,0.54,80.92,Elliott,11362665,2
1236 Windermere Dr,Pittsburgh,PA,15218,40.422517,-79.902235,SingleFamily,2015,200000,1951,12600,2011,2,4,7,,,,327139,-3235,310782,343496,162.67,2241,27,1501,2913,1.11,145.98,Swisshelm Park,11290108,2
144 N Dithridge St APT 409,Pittsburgh,PA,15213,40.448104,-79.950938,Condominium,2015,124000,1940,1557,1557,1,2,4,11/5/97,212,35000,148271,640,133444,161615,95.23,1346,-15,1144,1952,0.86,110.16,North Oakland,11407783,0
1114 Lincoln Ave,Pittsburgh,PA,15206,40.464311,-79.899545,SingleFamily,2015,24700,1900,2613,1218,2,4,6,,,,38806,14,34537,43463,31.86,861,25,611,1300,0.71,45.07,Homewood North,11285514,2
2874 Sanborn St,Pittsburgh,PA,15204,40.451345,-80.057046,SingleFamily,2015,61800,1925,3000,1144,1,3,6,9/1/06,106,79000,83092,7311,75614,88908,72.63,929,27,715,1189,0.81,89.44,Crafton Heights,11479164,0
5906 Douglas St,Pittsburgh,PA,15217,40.433077,-79.919559,SingleFamily,2015,196000,1910,4350,2407,4,5,9,,,,297718,6064,261992,324513,123.69,2244,70,1212,2783,0.93,132.67,Squirrel Hill South,11635025,2
206-208 N Linden Ave,Point Breeze,PA,15208,40.454219,-79.908515,MultiFamily2To4,,,1930,,,2,4,,,,,167560,-341,157506,182640,,1675,-56,1038,2261,,100.04,Point Breeze North,2102324112,8
1125 Highwood St,Pittsburgh,PA,15212,40.468064,-80.026239,SingleFamily,2015,46700,1946,1928,1120,1,3,6,3/22/93,268,39000,52565,1873,45732,58347,46.93,810,-8,705,1312,0.72,64.9,Marshall - Shadeland,11498696,0
2947 Sacramento Ave,Pittsburgh,PA,15204,40.457386,-80.0503,SingleFamily,2015,51000,1900,2482,1663,2,4,6,12/6/04,127,26500,55861,785,49158,60330,33.59,899,6,800,1196,0.54,62.14,Sheraden,11483302,0
525 S Lang Ave,Pittsburgh,PA,15208,40.44546,-79.906115,SingleFamily,2015,187100,1915,2500,1820,1.5,4,6,,,,301493,-5851,280388,325612,165.66,2148,54,1697,2792,1.18,140.36,Point Breeze,11288436,2
18 Rosemont Ln,Pittsburgh,PA,15217,40.421781,-79.915952,SingleFamily,2015,473700,1994,9615,2974,3.5,3,9,2/9/07,101,330000,595584,-11309,553893,720657,200.26,3308,-34,2646,4300,1.11,180.04,Squirrel Hill South,11290004,0
964 Ringgold St,Pittsburgh,PA,15220,40.444173,-80.048529,SingleFamily,2015,80800,1920,6860,1504,1,3,6,,,,83140,-10286,73163,98937,55.28,1045,-43,846,1411,0.69,79.56,Crafton Heights,11366844,2
300 Cola St,Pittsburgh,PA,15203,40.429335,-80.001514,SingleFamily,2015,203100,1899,7463,1586,3,3,6,8/7/14,11,115000,337697,-2970,310681,357959,212.92,2231,68,1785,2833,1.41,151.37,Mount Washington,11515913,0
1707 Wharton St,Pittsburgh,PA,15203,40.430743,-79.981689,Condominium,,,2003,,,1,2,,11/20/09,68,350000,360593,5918,328140,382229,,1697,51,1188,2512,,212.49,Southside Flats,2131836814,6
5618 Woodmont St,Pittsburgh,PA,15217,40.441768,-79.926799,SingleFamily,2015,501000,1902,5640,4336,3.5,7,14,7/6/93,264,145000,660021,733,620420,706222,152.22,2399,151,1152,3359,0.55,275.12,Squirrel Hill North,11630638,0
1357 Hawthorne St,Pittsburgh,PA,15201,40.482775,-79.936411,SingleFamily,2015,86800,1930,3600,966,1,3,6,10/1/07,93,123711,124458,13101,116991,130681,128.84,1144,54,938,1396,1.18,108.79,Stanton Heights,11275883,0
1214 James St,Pittsburgh,PA,15212,40.45735,-80.001661,SingleFamily,2015,58800,1905,1350,2360,2,4,10,4/21/14,15,40000,96015,-2764,76812,116178,40.68,1152,-3,737,1682,0.49,83.35,East Allegheny,11388914,0
357 44th St,Pittsburgh,PA,15201,40.469021,-79.956023,SingleFamily,2015,94600,1900,2160,2848,2,3,8,3/24/94,256,53000,151037,3915,110257,184265,53.03,1288,50,876,2164,0.45,117.26,Central Lawrenceville,11513601,0
301 5th Ave APT 520,Pittsburgh,PA,15222,40.44091,-79.999633,Condominium,2015,362600,2009,1284,1284,2,2,4,7/31/09,72,391918,487494,-8806,463119,511869,379.67,2545,-11,1451,3181,1.98,191.55,Central Business District,92380469,0
604 Middle St,Pittsburgh,PA,15212,40.453358,-79.998909,SingleFamily,2015,21100,1900,804,1283,2,2,4,4/15/14,15,15000,86082,1115,60257,117072,67.09,1151,-1,898,1669,0.9,74.79,East Allegheny,11395496,0
1409 Monterey St,Pittsburgh,PA,15212,40.456776,-80.013623,SingleFamily,2015,77600,1880,1190,1284,1,2,4,,,,124952,3211,102461,141196,97.31,1263,-35,846,1680,0.98,98.93,Central Northside,11388193,2
1843 Woodcove Pl,Pittsburgh,PA,15216,40.408766,-80.036375,SingleFamily,2015,115600,1957,6720,955,1.5,3,5,,,,132714,982,124751,144658,138.97,1197,2,958,1484,1.25,110.87,Banksville,11453300,2
5110 Stanton Ave,Pittsburgh,PA,15201,40.478256,-79.955421,SingleFamily,,,,,,3,3,,,,,164785,,140067,184559,,1449,,869,2101,,113.72,Upper Lawrenceville,2102439164,11
217 S Lang Ave,Pittsburgh,PA,15208,40.448373,-79.904706,SingleFamily,2015,225400,1963,4460,2460,3,4,7,,,,476583,43449,414627,519475,193.73,2538,38,2030,3249,1.03,187.78,Point Breeze,11287734,2
2437 Rose Garden Rd,Pittsburgh,PA,15220,40.408036,-80.044886,SingleFamily,2015,166900,1963,6000,1764,2.5,4,7,2/3/00,185,39390,187150,-4765,175921,202122,106.09,1753,-7,1297,2261,0.99,106.76,Banksville,11453173,0
358 Lamarido St,Pittsburgh,PA,15226,40.400107,-80.015978,SingleFamily,2015,97300,1917,3000,1336,1,3,6,,,,117141,-4199,110113,126512,87.68,1201,-5,1009,1501,0.9,97.54,Brookline,11562057,2
14 Fairfield Ct,Pittsburgh,PA,15201,40.482821,-79.934736,SingleFamily,2015,102500,1960,4122,1188,1,3,6,,,,154459,2634,145191,162182,130.02,1237,4,965,1435,1.04,124.87,Stanton Heights,11275845,2
501 Grandview Ave # 4002,Mt Washington,PA,15211,40.434784,-80.012184,Condominium,,,,,,2,2,,,,,730833,39557,577358,869691,,2144,-166,1136,3002,,340.87,Mount Washington,2113871964,9
85 Pius St,Pittsburgh,PA,15203,40.42468,-79.981669,SingleFamily,2015,56600,1900,2000,882,1.5,2,4,1/13/06,114,123950,131901,17573,118711,138496,149.55,1172,25,984,1653,1.33,112.54,Southside Slopes,11291792,0
57TH Street Motors 5700 Butler St,Pittsburgh,PA,15201,40.485065,-79.946022,VacantResidentialLand,,,,,5115,,0,,,,,,,,,,1004,-6,683,1606,0.2,,Stanton Heights,2102457749,13
111 Grandview Ave APT 703,Pittsburgh,PA,15211,40.431506,-80.007128,Condominium,2015,455500,1978,2130,2130,2.5,3,5,11/24/98,200,280000,601986,-17711,571887,632085,282.62,3099,-65,2510,4308,1.45,194.25,Mount Washington,11515530,0
1617 Rutherford Ave,Pittsburgh,PA,15216,40.409737,-80.026236,SingleFamily,2015,42500,1957,3000,1100,1,3,6,9/30/99,190,54000,68232,3845,59362,76420,62.03,886,11,744,1152,0.81,77.01,Beechview,11445256,0
1610 Davis Ave,Pittsburgh,PA,15212,40.480534,-80.040151,MultiFamily2To4,2015,97900,1901,4913,3007,3,4,8,5/1/06,110,102500,137006,-306,127416,154817,45.56,944,-42,699,1284,0.31,145.13,Brighton Heights,11603720,0
1501 Davis Ave,Pittsburgh,PA,15212,40.480556,-80.037841,SingleFamily,2015,89000,1921,7400,2000,3,5,7,1/22/10,66,85000,121997,2678,100038,140297,61,1147,50,768,1617,0.57,106.36,Brighton Heights,11603683,0
103 Brosville St,Pittsburgh,PA,15203,40.424783,-79.985837,SingleFamily,2015,108200,1848,6534,1440,2,3,4,11/8/96,224,135000,190630,22169,171567,215412,132.38,1364,64,1091,1719,0.95,139.76,Southside Slopes,11475164,0
433 Moore Ave,Pittsburgh,PA,15210,40.411544,-79.996075,SingleFamily,2015,61000,1902,5215,1862,2,2,8,10/10/14,9,30000,64137,3632,53875,73758,34.45,866,20,667,1230,0.47,74.06,Knoxville,11435567,0
6425 Forbes Ave,Pittsburgh,PA,15217,40.438222,-79.91676,SingleFamily,2015,244300,1948,3632,2052,2.5,4,8,5/2/07,98,288000,389131,1694,350218,428044,189.63,2524,32,1817,3231,1.23,154.17,Squirrel Hill North,11631252,0
801 Wymore St,Pittsburgh,PA,15220,40.440616,-80.042503,MultiFamily2To4,2015,47500,1910,4704,2294,,0,8,7/17/78,444,27500,84683,2946,66900,98232,36.91,951,61,628,1379,0.41,89.05,Elliott,11362144,1
2459 Woodward Ave,Pittsburgh,PA,15226,40.398771,-80.023591,SingleFamily,2015,90500,1945,4000,1232,2,3,8,4/7/04,135,42000,96356,-5289,88648,106955,78.21,1134,35,839,1361,0.92,84.97,Brookline,11566247,0
1415 Squirrel Hill Ave,Pittsburgh,PA,15217,40.440936,-79.932757,SingleFamily,2015,671600,1913,100,4210,3.5,6,11,6/21/11,49,738420,878071,-19955,834167,974659,208.57,3316,136,1923,4543,0.79,264.8,Squirrel Hill North,11630523,0
73 Pasadena St,Pittsburgh,PA,15211,40.423081,-80.001482,SingleFamily,2015,46800,1925,2500,1575,1,4,6,10/31/02,153,42800,69049,-1012,62835,75263,43.84,1259,30,906,1511,0.8,54.84,Mount Washington,11323570,0
3827 Liberty Ave,Pittsburgh,PA,15201,40.462599,-79.959821,SingleFamily,2015,64700,1920,1088,1620,2,4,7,12/15/04,127,63900,79675,3971,63740,94016,49.18,1090,10,752,1363,0.67,73.1,Lower Lawrenceville,11514734,0
2336 Hillview St,Pittsburgh,PA,15234,40.378071,-79.996274,SingleFamily,2015,73600,1942,7000,1238,1.5,3,5,5/21/96,230,45000,98408,-411,88567,106281,79.49,1049,62,703,1311,0.85,93.81,Overbrook,11306132,0
3335 Brighton Rd,Pittsburgh,PA,15212,40.477613,-80.031866,SingleFamily,2015,89300,1958,5662,1622,2.5,3,7,,,,112143,-3184,106536,122236,69.14,1187,11,795,1781,0.73,94.48,Brighton Heights,11605774,2
1409 Monterey St,Pittsburgh,PA,15212,40.456776,-80.013623,SingleFamily,2015,77600,1880,1190,1284,1,2,4,,,,124952,3211,102461,141196,97.31,1263,-35,846,1680,0.98,98.93,Central Northside,11388193,2
1843 Woodcove Pl,Pittsburgh,PA,15216,40.408766,-80.036375,SingleFamily,2015,115600,1957,6720,955,1.5,3,5,,,,132714,982,124751,144658,138.97,1197,2,958,1484,1.25,110.87,Banksville,11453300,2
5110 Stanton Ave,Pittsburgh,PA,15201,40.478256,-79.955421,SingleFamily,,,,,,3,3,,,,,164785,,140067,184559,,1449,,869,2101,,113.72,Upper Lawrenceville,2102439164,11
217 S Lang Ave,Pittsburgh,PA,15208,40.448373,-79.904706,SingleFamily,2015,225400,1963,4460,2460,3,4,7,,,,476583,43449,414627,519475,193.73,2538,38,2030,3249,1.03,187.78,Point Breeze,11287734,2
2437 Rose Garden Rd,Pittsburgh,PA,15220,40.408036,-80.044886,SingleFamily,2015,166900,1963,6000,1764,2.5,4,7,2/3/00,185,39390,187150,-4765,175921,202122,106.09,1753,-7,1297,2261,0.99,106.76,Banksville,11453173,0
358 Lamarido St,Pittsburgh,PA,15226,40.400107,-80.015978,SingleFamily,2015,97300,1917,3000,1336,1,3,6,,,,117141,-4199,110113,126512,87.68,1201,-5,1009,1501,0.9,97.54,Brookline,11562057,2
501 Grandview Ave # 4002,Mt Washington,PA,15211,40.434784,-80.012184,Condominium,,,,,,2,2,,,,,730833,39557,577358,869691,,2144,-166,1136,3002,,340.87,Mount Washington,2113871964,9
14 Fairfield Ct,Pittsburgh,PA,15201,40.482821,-79.934736,SingleFamily,2015,102500,1960,4122,1188,1,3,6,,,,154459,2634,145191,162182,130.02,1237,4,965,1435,1.04,124.87,Stanton Heights,11275845,2
85 Pius St,Pittsburgh,PA,15203,40.42468,-79.981669,SingleFamily,2015,56600,1900,2000,882,1.5,2,4,1/13/06,114,123950,131901,17573,118711,138496,149.55,1172,25,984,1653,1.33,112.54,Southside Slopes,11291792,0
57TH Street Motors 5700 Butler St,Pittsburgh,PA,15201,40.485065,-79.946022,VacantResidentialLand,,,,,5115,,0,,,,,,,,,,1004,-6,683,1606,0.2,,Stanton Heights,2102457749,13
111 Grandview Ave APT 703,Pittsburgh,PA,15211,40.431506,-80.007128,Condominium,2015,455500,1978,2130,2130,2.5,3,5,11/24/98,200,280000,601986,-17711,571887,632085,282.62,3099,-65,2510,4308,1.45,194.25,Mount Washington,11515530,0
1617 Rutherford Ave,Pittsburgh,PA,15216,40.409737,-80.026236,SingleFamily,2015,42500,1957,3000,1100,1,3,6,9/30/99,190,54000,68232,3845,59362,76420,62.03,886,11,744,1152,0.81,77.01,Beechview,11445256,0
1610 Davis Ave,Pittsburgh,PA,15212,40.480534,-80.040151,MultiFamily2To4,2015,97900,1901,4913,3007,3,4,8,5/1/06,110,102500,137006,-306,127416,154817,45.56,944,-42,699,1284,0.31,145.13,Brighton Heights,11603720,0
1501 Davis Ave,Pittsburgh,PA,15212,40.480556,-80.037841,SingleFamily,2015,89000,1921,7400,2000,3,5,7,1/22/10,66,85000,121997,2678,100038,140297,61,1147,50,768,1617,0.57,106.36,Brighton Heights,11603683,0
103 Brosville St,Pittsburgh,PA,15203,40.424783,-79.985837,SingleFamily,2015,108200,1848,6534,1440,2,3,4,11/8/96,224,135000,190630,22169,171567,215412,132.38,1364,64,1091,1719,0.95,139.76,Southside Slopes,11475164,0
433 Moore Ave,Pittsburgh,PA,15210,40.411544,-79.996075,SingleFamily,2015,61000,1902,5215,1862,2,2,8,10/10/14,9,30000,64137,3632,53875,73758,34.45,866,20,667,1230,0.47,74.06,Knoxville,11435567,0
6425 Forbes Ave,Pittsburgh,PA,15217,40.438222,-79.91676,SingleFamily,2015,244300,1948,3632,2052,2.5,4,8,5/2/07,98,288000,389131,1694,350218,428044,189.63,2524,32,1817,3231,1.23,154.17,Squirrel Hill North,11631252,0
801 Wymore St,Pittsburgh,PA,15220,40.440616,-80.042503,MultiFamily2To4,2015,47500,1910,4704,2294,,0,8,7/17/78,444,27500,84683,2946,66900,98232,36.91,951,61,628,1379,0.41,89.05,Elliott,11362144,1
2459 Woodward Ave,Pittsburgh,PA,15226,40.398771,-80.023591,SingleFamily,2015,90500,1945,4000,1232,2,3,8,4/7/04,135,42000,96356,-5289,88648,106955,78.21,1134,35,839,1361,0.92,84.97,Brookline,11566247,0
1415 Squirrel Hill Ave,Pittsburgh,PA,15217,40.440936,-79.932757,SingleFamily,2015,671600,1913,100,4210,3.5,6,11,6/21/11,49,738420,878071,-19955,834167,974659,208.57,3316,136,1923,4543,0.79,264.8,Squirrel Hill North,11630523,0
73 Pasadena St,Pittsburgh,PA,15211,40.423081,-80.001482,SingleFamily,2015,46800,1925,2500,1575,1,4,6,10/31/02,153,42800,69049,-1012,62835,75263,43.84,1259,30,906,1511,0.8,54.84,Mount Washington,11323570,0
3827 Liberty Ave,Pittsburgh,PA,15201,40.462599,-79.959821,SingleFamily,2015,64700,1920,1088,1620,2,4,7,12/15/04,127,63900,79675,3971,63740,94016,49.18,1090,10,752,1363,0.67,73.1,Lower Lawrenceville,11514734,0